-- Start by creating the database
CREATE DATABASE IF NOT EXISTS `CinemaWorld`;
USE `CinemaWorld`;


-- Create the 'Format' table first because it is referenced by 'Showing'
CREATE TABLE `Format` (
   `FormatID` INT AUTO_INCREMENT PRIMARY KEY,
   `AudioType` VARCHAR(50),
   `Language` VARCHAR(50)
);


-- Create the 'Movie' table
CREATE TABLE `Movie` (
   `MovieID` INT AUTO_INCREMENT PRIMARY KEY,
   `Title` VARCHAR(255) NOT NULL,
   `MaturityRating` VARCHAR(50),
   `Studio` VARCHAR(100),
   `Country` VARCHAR(50),
   `Genre` VARCHAR(50)
);


-- Now create the 'Showing' table that references 'Movie' and 'Format'
CREATE TABLE `Showing` (
   `ShowingID` INT AUTO_INCREMENT PRIMARY KEY,
   `Showtime` DATETIME NOT NULL,
   `MovieID` INT,
   `FormatID` INT,
   FOREIGN KEY (`MovieID`) REFERENCES `Movie`(`MovieID`),
   FOREIGN KEY (`FormatID`) REFERENCES `Format`(`FormatID`)
);


-- Create the 'User' table next
CREATE TABLE `User` (
   `UserID` INT AUTO_INCREMENT PRIMARY KEY,
   `Name` VARCHAR(255) NOT NULL,
   `PhoneNumber` VARCHAR(20),
   `Email` VARCHAR(255),
   `Location` VARCHAR(255),
   `Age` INT,
   `Preferences` VARCHAR(255)
);


-- Create the 'Cinema' table
CREATE TABLE `Cinema` (
   `CinemaID` INT AUTO_INCREMENT PRIMARY KEY,
   `Location` VARCHAR(255) NOT NULL,
   `Amenities` TEXT,
   `Facilities` TEXT
);


-- 'Seat' table which could potentially link to a reservation system in the future
CREATE TABLE `Seat` (
   `SeatID` INT AUTO_INCREMENT PRIMARY KEY,
   `SeatNo` VARCHAR(10),
   `SeatRow` CHAR(1), -- Changed from 'Row' to 'SeatRow'
   `SeatType` VARCHAR(50),
   `CinemaID` INT,
   FOREIGN KEY (`CinemaID`) REFERENCES `Cinema`(`CinemaID`)
);


-- 'Booking' table that references 'User', 'Showing' and potentially 'Seat'
CREATE TABLE `Booking` (
   `BookingID` INT AUTO_INCREMENT PRIMARY KEY,
   `UserID` INT,
   `ShowingID` INT,
   `SeatID` INT,
   `Price` DECIMAL(10, 2),
   FOREIGN KEY (`UserID`) REFERENCES `User`(`UserID`),
   FOREIGN KEY (`ShowingID`) REFERENCES `Showing`(`ShowingID`),
   FOREIGN KEY (`SeatID`) REFERENCES `Seat`(`SeatID`)
);


-- Create the 'Event' table
CREATE TABLE `Event` (
   `EventID` INT AUTO_INCREMENT PRIMARY KEY,
   `Type` VARCHAR(50),
   `Date` DATETIME,
   `Description` TEXT,
   `CinemaID` INT,
   FOREIGN KEY (`CinemaID`) REFERENCES `Cinema`(`CinemaID`)
);


-- Create the 'Forum' table
CREATE TABLE `Forum` (
   `Topic` VARCHAR(255),
   `Section` VARCHAR(100),
   `Genre` VARCHAR(50),
   PRIMARY KEY (`Topic`)
);


-- 'Post' table referencing 'Forum' and 'User'
CREATE TABLE `Post` (
   `PostID` INT AUTO_INCREMENT PRIMARY KEY,
   `Content` TEXT,
   `UserID` INT,
   `Topic` VARCHAR(255),
   FOREIGN KEY (`UserID`) REFERENCES `User`(`UserID`),
   FOREIGN KEY (`Topic`) REFERENCES `Forum`(`Topic`)
);


-- 'Review' table referencing 'User'
CREATE TABLE `Review` (
   `ReviewID` INT AUTO_INCREMENT PRIMARY KEY,
   `Rating` INT CHECK (`Rating` BETWEEN 1 AND 5),
   `Title` VARCHAR(255),
   `UserID` INT,
   FOREIGN KEY (`UserID`) REFERENCES `User`(`UserID`)
);


-- 'Notification' table referencing 'User'
CREATE TABLE `Notification` (
   `NotificationID` INT AUTO_INCREMENT PRIMARY KEY,
   `Time` DATETIME,
   `Type` VARCHAR(50),
   `Sound` VARCHAR(50),
   `Content` TEXT,
   `UserID` INT,
   FOREIGN KEY (`UserID`) REFERENCES `User`(`UserID`)
);

-- User
insert into User (UserID, PhoneNumber, Email, Location, Age, Preferences) values (1, '174-820-4381', 'clammerding0@ifeng.com', '39490 Eliot Plaza', 64, 'Comedy');
insert into User (UserID, PhoneNumber, Email, Location, Age, Preferences) values (2, '379-341-3800', 'gmoorey1@usgs.gov', '75 David Street', 54, 'Crime');
insert into User (UserID, PhoneNumber, Email, Location, Age, Preferences) values (3, '136-925-3522', 'mblasius2@globo.com', '53345 Bunting Street', 39, 'Adventure');
insert into User (UserID, PhoneNumber, Email, Location, Age, Preferences) values (4, '181-861-2559', 'ccreagh3@nydailynews.com', '1272 Mesta Alley', 30, 'Family');
insert into User (UserID, PhoneNumber, Email, Location, Age, Preferences) values (5, '885-376-7187', 'lbullene4@eventbrite.com', '16 Sutherland Street', 45, 'Documentary');
insert into User (UserID, PhoneNumber, Email, Location, Age, Preferences) values (6, '502-290-7599', 'amaddigan5@vkontakte.ru', '21 Karstens Terrace', 60, 'Musical');
insert into User (UserID, PhoneNumber, Email, Location, Age, Preferences) values (7, '696-959-2070', 'rtod6@uiuc.edu', '73722 Lighthouse Bay Terrace', 63, 'Science Fiction');
insert into User (UserID, PhoneNumber, Email, Location, Age, Preferences) values (8, '138-564-6301', 'dmulhill7@spotify.com', '68 Chive Parkway', 52, 'Science Fiction');
insert into User (UserID, PhoneNumber, Email, Location, Age, Preferences) values (9, '590-559-7503', 'norae8@desdev.cn', '151 Commercial Terrace', 20, 'Drama');
insert into User (UserID, PhoneNumber, Email, Location, Age, Preferences) values (10, '456-761-1547', 'abrabin9@e-recht24.de', '67733 Muir Road', 58, 'Comedy');
insert into User (UserID, PhoneNumber, Email, Location, Age, Preferences) values (11, '499-147-8759', 'icrannya@bigcartel.com', '062 Sherman Court', 32, 'Family');
insert into User (UserID, PhoneNumber, Email, Location, Age, Preferences) values (12, '929-911-2704', 'fwhorfb@lycos.com', '25253 Namekagon Pass', 58, 'Family');
insert into User (UserID, PhoneNumber, Email, Location, Age, Preferences) values (13, '134-289-6210', 'nrobathamc@blog.com', '568 8th Drive', 64, 'Adventure');
insert into User (UserID, PhoneNumber, Email, Location, Age, Preferences) values (14, '133-827-1134', 'ckibbeld@canalblog.com', '12 Chinook Center', 72, 'Animation');
insert into User (UserID, PhoneNumber, Email, Location, Age, Preferences) values (15, '555-374-9369', 'mzupoe@soup.io', '73 Vahlen Plaza', 66, 'Comedy');
insert into User (UserID, PhoneNumber, Email, Location, Age, Preferences) values (16, '869-930-8578', 'cgrishuninf@usa.gov', '030 Hallows Trail', 51, 'Family');
insert into User (UserID, PhoneNumber, Email, Location, Age, Preferences) values (17, '624-478-8699', 'mmaddisong@amazon.com', '66004 Spenser Circle', 36, 'Adventure');
insert into User (UserID, PhoneNumber, Email, Location, Age, Preferences) values (18, '292-964-3416', 'celsmoreh@nba.com', '450 Ridgeview Road', 25, 'Comedy');
insert into User (UserID, PhoneNumber, Email, Location, Age, Preferences) values (19, '505-137-3814', 'cmcinteeri@odnoklassniki.ru', '18635 Mayer Trail', 73, 'Crime');
insert into User (UserID, PhoneNumber, Email, Location, Age, Preferences) values (20, '623-320-1366', 'oashallj@bbc.co.uk', '843 Del Mar Center', 50, 'Mystery');
insert into User (UserID, PhoneNumber, Email, Location, Age, Preferences) values (21, '775-189-4776', 'obearnk@go.com', '885 Bartillon Road', 20, 'Romance');
insert into User (UserID, PhoneNumber, Email, Location, Age, Preferences) values (22, '532-192-6736', 'jshortelll@wp.com', '1030 Northwestern Junction', 54, 'Family');
insert into User (UserID, PhoneNumber, Email, Location, Age, Preferences) values (23, '754-789-1420', 'ucuerdam@instagram.com', '27531 Bartillon Crossing', 28, 'War');
insert into User (UserID, PhoneNumber, Email, Location, Age, Preferences) values (24, '766-178-7479', 'ddenecampn@imgur.com', '13 Moland Alley', 66, 'Comedy');
insert into User (UserID, PhoneNumber, Email, Location, Age, Preferences) values (25, '547-210-2922', 'aorto@google.nl', '8 Muir Point', 24, 'Thriller');
insert into User (UserID, PhoneNumber, Email, Location, Age, Preferences) values (26, '629-452-1001', 'aduleyp@woothemes.com', '892 Hoepker Pass', 67, 'Documentary');
insert into User (UserID, PhoneNumber, Email, Location, Age, Preferences) values (27, '213-865-9007', 'pwikeyq@blogtalkradio.com', '0162 Milwaukee Lane', 75, 'Horror');
insert into User (UserID, PhoneNumber, Email, Location, Age, Preferences) values (28, '287-396-3947', 'ibothar@macromedia.com', '03953 Prentice Place', 54, 'Fantasy');
insert into User (UserID, PhoneNumber, Email, Location, Age, Preferences) values (29, '145-142-2586', 'tweins@sfgate.com', '02 Jackson Terrace', 43, 'Thriller');
insert into User (UserID, PhoneNumber, Email, Location, Age, Preferences) values (30, '491-425-3930', 'nkettlest@sfgate.com', '9192 Monterey Point', 31, 'Science Fiction');
insert into User (UserID, PhoneNumber, Email, Location, Age, Preferences) values (31, '815-952-1753', 'sbroshu@trellian.com', '2 Troy Hill', 80, 'Adventure');
insert into User (UserID, PhoneNumber, Email, Location, Age, Preferences) values (32, '228-236-7584', 'agotcliffv@guardian.co.uk', '47831 Forster Way', 49, 'Family');
insert into User (UserID, PhoneNumber, Email, Location, Age, Preferences) values (33, '285-871-1140', 'bdulsonw@oracle.com', '09901 Maple Wood Drive', 38, 'Family');
insert into User (UserID, PhoneNumber, Email, Location, Age, Preferences) values (34, '673-183-6723', 'jkeenanx@yelp.com', '11121 Pleasure Park', 71, 'Action');
insert into User (UserID, PhoneNumber, Email, Location, Age, Preferences) values (35, '496-876-8545', 'ablakesleyy@mlb.com', '7987 Fremont Parkway', 58, 'Musical');
insert into User (UserID, PhoneNumber, Email, Location, Age, Preferences) values (36, '610-454-7839', 'jpetrinaz@ox.ac.uk', '9471 Stephen Center', 55, 'Romance');
insert into User (UserID, PhoneNumber, Email, Location, Age, Preferences) values (37, '290-164-4757', 'mpepperd10@washingtonpost.com', '664 Bellgrove Road', 63, 'Crime');
insert into User (UserID, PhoneNumber, Email, Location, Age, Preferences) values (38, '430-420-2986', 'egoom11@lulu.com', '308 Maryland Center', 44, 'War');
insert into User (UserID, PhoneNumber, Email, Location, Age, Preferences) values (39, '641-413-2563', 'cmorey12@altervista.org', '8429 Golf View Alley', 60, 'Documentary');
insert into User (UserID, PhoneNumber, Email, Location, Age, Preferences) values (40, '837-127-6686', 'gdrakes13@vkontakte.ru', '27604 Prairieview Point', 45, 'War');
insert into User (UserID, PhoneNumber, Email, Location, Age, Preferences) values (41, '107-206-5002', 'mdanzig14@qq.com', '809 Mayfield Place', 37, 'Family');
insert into User (UserID, PhoneNumber, Email, Location, Age, Preferences) values (42, '751-656-7387', 'nburke15@discovery.com', '794 Weeping Birch Circle', 59, 'Western');
insert into User (UserID, PhoneNumber, Email, Location, Age, Preferences) values (43, '319-832-4705', 'cselland16@salon.com', '679 Tomscot Circle', 26, 'Fantasy');
insert into User (UserID, PhoneNumber, Email, Location, Age, Preferences) values (44, '751-550-3770', 'omacieiczyk17@miibeian.gov.cn', '0 Service Hill', 66, 'Animation');
insert into User (UserID, PhoneNumber, Email, Location, Age, Preferences) values (45, '357-281-3156', 'acastanos18@soup.io', '785 Golf View Lane', 38, 'Comedy');
insert into User (UserID, PhoneNumber, Email, Location, Age, Preferences) values (46, '543-963-5583', 'aring19@networksolutions.com', '779 Muir Terrace', 51, 'Drama');
insert into User (UserID, PhoneNumber, Email, Location, Age, Preferences) values (47, '155-965-0770', 'ehandke1a@wix.com', '1535 Warrior Circle', 39, 'Action');
insert into User (UserID, PhoneNumber, Email, Location, Age, Preferences) values (48, '208-342-4013', 'gmumbey1b@state.gov', '5 Grasskamp Point', 60, 'Adventure');
insert into User (UserID, PhoneNumber, Email, Location, Age, Preferences) values (49, '367-575-5075', 'djurewicz1c@gmpg.org', '583 Northwestern Park', 21, 'Comedy');
insert into User (UserID, PhoneNumber, Email, Location, Age, Preferences) values (50, '234-201-8594', 'sdarrigrand1d@blogs.com', '7869 Harbort Lane', 40, 'Mystery');
-- Showing
insert into Showing (ShowingID, Showtime, MovieID, FormatID) values (1, '5:30 PM', '50', '25');
insert into Showing (ShowingID, Showtime, MovieID, FormatID) values (2, '8:45 PM', '10', '23');
insert into Showing (ShowingID, Showtime, MovieID, FormatID) values (3, '10:15 PM', '31', '44');
insert into Showing (ShowingID, Showtime, MovieID, FormatID) values (4, '11:00 PM', '11', '43');
insert into Showing (ShowingID, Showtime, MovieID, FormatID) values (5, '6:30 PM', '41', '5');
insert into Showing (ShowingID, Showtime, MovieID, FormatID) values (6, '6:15 PM', '36', '28');
insert into Showing (ShowingID, Showtime, MovieID, FormatID) values (7, '5:15 PM', '26', '8');
insert into Showing (ShowingID, Showtime, MovieID, FormatID) values (8, '5:00 PM', '20', '3');
insert into Showing (ShowingID, Showtime, MovieID, FormatID) values (9, '10:30 PM', '7', '41');
insert into Showing (ShowingID, Showtime, MovieID, FormatID) values (10, '11:30 PM', '14', '35');
insert into Showing (ShowingID, Showtime, MovieID, FormatID) values (11, '12:15 PM', '49', '40');
insert into Showing (ShowingID, Showtime, MovieID, FormatID) values (12, '5:30 PM', '38', '19');
insert into Showing (ShowingID, Showtime, MovieID, FormatID) values (13, '5:30 PM', '42', '16');
insert into Showing (ShowingID, Showtime, MovieID, FormatID) values (14, '6:30 PM', '16', '11');
insert into Showing (ShowingID, Showtime, MovieID, FormatID) values (15, '5:45 PM', '8', '14');
insert into Showing (ShowingID, Showtime, MovieID, FormatID) values (16, '8:15 PM', '3', '10');
insert into Showing (ShowingID, Showtime, MovieID, FormatID) values (17, '11:30 PM', '12', '6');
insert into Showing (ShowingID, Showtime, MovieID, FormatID) values (18, '12:15 PM', '35', '22');
insert into Showing (ShowingID, Showtime, MovieID, FormatID) values (19, '11:15 PM', '15', '12');
insert into Showing (ShowingID, Showtime, MovieID, FormatID) values (20, '8:45 PM', '6', '15');
insert into Showing (ShowingID, Showtime, MovieID, FormatID) values (21, '10:45 PM', '37', '30');
insert into Showing (ShowingID, Showtime, MovieID, FormatID) values (22, '8:30 PM', '5', '21');
insert into Showing (ShowingID, Showtime, MovieID, FormatID) values (23, '5:30 PM', '45', '24');
insert into Showing (ShowingID, Showtime, MovieID, FormatID) values (24, '3:45 PM', '4', '9');
insert into Showing (ShowingID, Showtime, MovieID, FormatID) values (25, '5:15 PM', '22', '38');
insert into Showing (ShowingID, Showtime, MovieID, FormatID) values (26, '1:15 PM', '13', '26');
insert into Showing (ShowingID, Showtime, MovieID, FormatID) values (27, '12:45 PM', '19', '27');
insert into Showing (ShowingID, Showtime, MovieID, FormatID) values (28, '3:15 PM', '1', '7');
insert into Showing (ShowingID, Showtime, MovieID, FormatID) values (29, '11:45 PM', '24', '33');
insert into Showing (ShowingID, Showtime, MovieID, FormatID) values (30, '12:45 PM', '39', '17');
insert into Showing (ShowingID, Showtime, MovieID, FormatID) values (31, '3:00 PM', '25', '48');
insert into Showing (ShowingID, Showtime, MovieID, FormatID) values (32, '4:15 PM', '33', '50');
insert into Showing (ShowingID, Showtime, MovieID, FormatID) values (33, '12:00 PM', '9', '39');
insert into Showing (ShowingID, Showtime, MovieID, FormatID) values (34, '11:00 PM', '44', '31');
insert into Showing (ShowingID, Showtime, MovieID, FormatID) values (35, '3:30 PM', '2', '1');
insert into Showing (ShowingID, Showtime, MovieID, FormatID) values (36, '8:00 PM', '23', '2');
insert into Showing (ShowingID, Showtime, MovieID, FormatID) values (37, '10:30 PM', '30', '45');
insert into Showing (ShowingID, Showtime, MovieID, FormatID) values (38, '8:00 PM', '48', '34');
insert into Showing (ShowingID, Showtime, MovieID, FormatID) values (39, '7:45 PM', '34', '36');
insert into Showing (ShowingID, Showtime, MovieID, FormatID) values (40, '6:00 PM', '28', '42');
insert into Showing (ShowingID, Showtime, MovieID, FormatID) values (41, '3:00 PM', '17', '29');
insert into Showing (ShowingID, Showtime, MovieID, FormatID) values (42, '5:45 PM', '29', '4');
insert into Showing (ShowingID, Showtime, MovieID, FormatID) values (43, '8:15 PM', '18', '46');
insert into Showing (ShowingID, Showtime, MovieID, FormatID) values (44, '12:15 PM', '40', '37');
insert into Showing (ShowingID, Showtime, MovieID, FormatID) values (45, '10:15 PM', '47', '32');
insert into Showing (ShowingID, Showtime, MovieID, FormatID) values (46, '2:30 PM', '43', '18');
insert into Showing (ShowingID, Showtime, MovieID, FormatID) values (47, '11:45 PM', '27', '13');
insert into Showing (ShowingID, Showtime, MovieID, FormatID) values (48, '1:30 PM', '21', '47');
insert into Showing (ShowingID, Showtime, MovieID, FormatID) values (49, '10:30 PM', '46', '49');
insert into Showing (ShowingID, Showtime, MovieID, FormatID) values (50, '8:45 PM', '32', '20');
insert into Showing (ShowingID, Showtime, MovieID, FormatID) values (51, '6:15 PM', '37', '34');
insert into Showing (ShowingID, Showtime, MovieID, FormatID) values (52, '4:15 PM', '5', '1');
insert into Showing (ShowingID, Showtime, MovieID, FormatID) values (53, '11:45 PM', '9', '39');
insert into Showing (ShowingID, Showtime, MovieID, FormatID) values (54, '3:00 PM', '11', '26');
insert into Showing (ShowingID, Showtime, MovieID, FormatID) values (55, '10:00 PM', '2', '27');
insert into Showing (ShowingID, Showtime, MovieID, FormatID) values (56, '7:45 PM', '26', '23');
insert into Showing (ShowingID, Showtime, MovieID, FormatID) values (57, '7:30 PM', '23', '36');
insert into Showing (ShowingID, Showtime, MovieID, FormatID) values (58, '10:30 PM', '13', '18');
insert into Showing (ShowingID, Showtime, MovieID, FormatID) values (59, '5:15 PM', '4', '16');
insert into Showing (ShowingID, Showtime, MovieID, FormatID) values (60, '10:00 PM', '15', '2');
insert into Showing (ShowingID, Showtime, MovieID, FormatID) values (61, '9:00 PM', '22', '47');
insert into Showing (ShowingID, Showtime, MovieID, FormatID) values (62, '5:45 PM', '3', '25');
insert into Showing (ShowingID, Showtime, MovieID, FormatID) values (63, '6:30 PM', '35', '11');
insert into Showing (ShowingID, Showtime, MovieID, FormatID) values (64, '2:45 PM', '12', '14');
insert into Showing (ShowingID, Showtime, MovieID, FormatID) values (65, '11:00 PM', '46', '9');
insert into Showing (ShowingID, Showtime, MovieID, FormatID) values (66, '1:15 PM', '32', '10');
insert into Showing (ShowingID, Showtime, MovieID, FormatID) values (67, '6:45 PM', '18', '8');
insert into Showing (ShowingID, Showtime, MovieID, FormatID) values (68, '10:30 PM', '19', '22');
insert into Showing (ShowingID, Showtime, MovieID, FormatID) values (69, '4:15 PM', '44', '50');
insert into Showing (ShowingID, Showtime, MovieID, FormatID) values (70, '1:00 PM', '6', '21');
insert into Showing (ShowingID, Showtime, MovieID, FormatID) values (71, '8:45 PM', '30', '42');
insert into Showing (ShowingID, Showtime, MovieID, FormatID) values (72, '5:15 PM', '43', '35');
insert into Showing (ShowingID, Showtime, MovieID, FormatID) values (73, '12:45 PM', '29', '41');
insert into Showing (ShowingID, Showtime, MovieID, FormatID) values (74, '11:00 PM', '10', '31');
insert into Showing (ShowingID, Showtime, MovieID, FormatID) values (75, '10:30 PM', '28', '19');
-- Seat
insert into Seat (SeatID, SeatNo, SeatRow, SeatType, CinemaID) values (1, 22, 'L', 'Balcony', '49');
insert into Seat (SeatID, SeatNo, SeatRow, SeatType, CinemaID) values (2, 36, 'C', 'Balcony', '30');
insert into Seat (SeatID, SeatNo, SeatRow, SeatType, CinemaID) values (3, 1, 'G', 'Recliner', '50');
insert into Seat (SeatID, SeatNo, SeatRow, SeatType, CinemaID) values (4, 13, 'H', 'Luxury', '2');
insert into Seat (SeatID, SeatNo, SeatRow, SeatType, CinemaID) values (5, 5, 'C', 'Premium', '48');
insert into Seat (SeatID, SeatNo, SeatRow, SeatType, CinemaID) values (6, 40, 'O', 'Premium', '31');
insert into Seat (SeatID, SeatNo, SeatRow, SeatType, CinemaID) values (7, 39, 'N', 'Balcony', '40');
insert into Seat (SeatID, SeatNo, SeatRow, SeatType, CinemaID) values (8, 26, 'D', 'Love Seat', '7');
insert into Seat (SeatID, SeatNo, SeatRow, SeatType, CinemaID) values (9, 43, 'P', 'VIP', '36');
insert into Seat (SeatID, SeatNo, SeatRow, SeatType, CinemaID) values (10, 3, 'B', 'Standard', '42');
insert into Seat (SeatID, SeatNo, SeatRow, SeatType, CinemaID) values (11, 42, 'F', 'Bean Bag', '16');
insert into Seat (SeatID, SeatNo, SeatRow, SeatType, CinemaID) values (12, 16, 'F', 'Love Seat', '21');
insert into Seat (SeatID, SeatNo, SeatRow, SeatType, CinemaID) values (13, 17, 'J', 'Director''s Cut', '33');
insert into Seat (SeatID, SeatNo, SeatRow, SeatType, CinemaID) values (14, 32, 'E', 'Couples Only', '18');
insert into Seat (SeatID, SeatNo, SeatRow, SeatType, CinemaID) values (15, 40, 'H', 'Balcony', '46');
insert into Seat (SeatID, SeatNo, SeatRow, SeatType, CinemaID) values (16, 25, 'E', 'Recliner', '22');
insert into Seat (SeatID, SeatNo, SeatRow, SeatType, CinemaID) values (17, 29, 'A', 'Director''s Cut', '10');
insert into Seat (SeatID, SeatNo, SeatRow, SeatType, CinemaID) values (18, 14, 'L', 'Recliner', '39');
insert into Seat (SeatID, SeatNo, SeatRow, SeatType, CinemaID) values (19, 2, 'C', 'Standard', '14');
insert into Seat (SeatID, SeatNo, SeatRow, SeatType, CinemaID) values (20, 48, 'C', 'Luxury', '28');
insert into Seat (SeatID, SeatNo, SeatRow, SeatType, CinemaID) values (21, 43, 'L', 'Luxury', '1');
insert into Seat (SeatID, SeatNo, SeatRow, SeatType, CinemaID) values (22, 1, 'B', 'VIP', '17');
insert into Seat (SeatID, SeatNo, SeatRow, SeatType, CinemaID) values (23, 39, 'I', 'Standard', '20');
insert into Seat (SeatID, SeatNo, SeatRow, SeatType, CinemaID) values (24, 45, 'F', 'Love Seat', '24');
insert into Seat (SeatID, SeatNo, SeatRow, SeatType, CinemaID) values (25, 14, 'P', 'VIP', '38');
insert into Seat (SeatID, SeatNo, SeatRow, SeatType, CinemaID) values (26, 24, 'D', 'Standard', '25');
insert into Seat (SeatID, SeatNo, SeatRow, SeatType, CinemaID) values (27, 3, 'E', 'Love Seat', '34');
insert into Seat (SeatID, SeatNo, SeatRow, SeatType, CinemaID) values (28, 6, 'G', 'VIP', '8');
insert into Seat (SeatID, SeatNo, SeatRow, SeatType, CinemaID) values (29, 25, 'E', 'Director''s Cut', '26');
insert into Seat (SeatID, SeatNo, SeatRow, SeatType, CinemaID) values (30, 25, 'J', 'Standard', '45');
insert into Seat (SeatID, SeatNo, SeatRow, SeatType, CinemaID) values (31, 20, 'P', 'Couples Only', '5');
insert into Seat (SeatID, SeatNo, SeatRow, SeatType, CinemaID) values (32, 41, 'E', 'Premium', '19');
insert into Seat (SeatID, SeatNo, SeatRow, SeatType, CinemaID) values (33, 41, 'E', 'VIP', '43');
insert into Seat (SeatID, SeatNo, SeatRow, SeatType, CinemaID) values (34, 26, 'L', 'Director''s Cut', '3');
insert into Seat (SeatID, SeatNo, SeatRow, SeatType, CinemaID) values (35, 30, 'C', 'Bean Bag', '47');
insert into Seat (SeatID, SeatNo, SeatRow, SeatType, CinemaID) values (36, 26, 'G', 'Director''s Cut', '6');
insert into Seat (SeatID, SeatNo, SeatRow, SeatType, CinemaID) values (37, 43, 'J', 'Bean Bag', '41');
insert into Seat (SeatID, SeatNo, SeatRow, SeatType, CinemaID) values (38, 6, 'E', 'Luxury', '13');
insert into Seat (SeatID, SeatNo, SeatRow, SeatType, CinemaID) values (39, 9, 'N', 'Luxury', '23');
insert into Seat (SeatID, SeatNo, SeatRow, SeatType, CinemaID) values (40, 13, 'D', 'Couples Only', '44');
insert into Seat (SeatID, SeatNo, SeatRow, SeatType, CinemaID) values (41, 24, 'F', 'Couples Only', '9');
insert into Seat (SeatID, SeatNo, SeatRow, SeatType, CinemaID) values (42, 44, 'D', 'Director''s Cut', '11');
insert into Seat (SeatID, SeatNo, SeatRow, SeatType, CinemaID) values (43, 41, 'J', 'VIP', '15');
insert into Seat (SeatID, SeatNo, SeatRow, SeatType, CinemaID) values (44, 21, 'B', 'Balcony', '12');
insert into Seat (SeatID, SeatNo, SeatRow, SeatType, CinemaID) values (45, 36, 'F', 'Bean Bag', '37');
insert into Seat (SeatID, SeatNo, SeatRow, SeatType, CinemaID) values (46, 34, 'P', 'Premium', '29');
insert into Seat (SeatID, SeatNo, SeatRow, SeatType, CinemaID) values (47, 37, 'C', 'Standard', '32');
insert into Seat (SeatID, SeatNo, SeatRow, SeatType, CinemaID) values (48, 29, 'J', 'Director''s Cut', '35');
insert into Seat (SeatID, SeatNo, SeatRow, SeatType, CinemaID) values (49, 49, 'B', 'Luxury', '4');
insert into Seat (SeatID, SeatNo, SeatRow, SeatType, CinemaID) values (50, 11, 'P', 'Couples Only', '27');
insert into Seat (SeatID, SeatNo, SeatRow, SeatType, CinemaID) values (51, 25, 'F', 'Premium', '11');
insert into Seat (SeatID, SeatNo, SeatRow, SeatType, CinemaID) values (52, 41, 'M', 'Recliner', '37');
insert into Seat (SeatID, SeatNo, SeatRow, SeatType, CinemaID) values (53, 2, 'I', 'Bean Bag', '17');
insert into Seat (SeatID, SeatNo, SeatRow, SeatType, CinemaID) values (54, 13, 'D', 'Premium', '30');
insert into Seat (SeatID, SeatNo, SeatRow, SeatType, CinemaID) values (55, 36, 'L', 'Couples Only', '5');
insert into Seat (SeatID, SeatNo, SeatRow, SeatType, CinemaID) values (56, 37, 'G', 'Bean Bag', '38');
insert into Seat (SeatID, SeatNo, SeatRow, SeatType, CinemaID) values (57, 37, 'G', 'Bean Bag', '25');
insert into Seat (SeatID, SeatNo, SeatRow, SeatType, CinemaID) values (58, 36, 'E', 'Bean Bag', '34');
insert into Seat (SeatID, SeatNo, SeatRow, SeatType, CinemaID) values (59, 5, 'O', 'Love Seat', '13');
insert into Seat (SeatID, SeatNo, SeatRow, SeatType, CinemaID) values (60, 43, 'J', 'Recliner', '42');
insert into Seat (SeatID, SeatNo, SeatRow, SeatType, CinemaID) values (61, 3, 'C', 'Director''s Cut', '12');
insert into Seat (SeatID, SeatNo, SeatRow, SeatType, CinemaID) values (62, 23, 'J', 'Director''s Cut', '47');
insert into Seat (SeatID, SeatNo, SeatRow, SeatType, CinemaID) values (63, 28, 'O', 'VIP', '10');
insert into Seat (SeatID, SeatNo, SeatRow, SeatType, CinemaID) values (64, 12, 'G', 'Balcony', '20');
insert into Seat (SeatID, SeatNo, SeatRow, SeatType, CinemaID) values (65, 2, 'J', 'Recliner', '28');
insert into Seat (SeatID, SeatNo, SeatRow, SeatType, CinemaID) values (66, 31, 'D', 'Bean Bag', '15');
insert into Seat (SeatID, SeatNo, SeatRow, SeatType, CinemaID) values (67, 44, 'M', 'Couples Only', '23');
insert into Seat (SeatID, SeatNo, SeatRow, SeatType, CinemaID) values (68, 18, 'D', 'Balcony', '35');
insert into Seat (SeatID, SeatNo, SeatRow, SeatType, CinemaID) values (69, 4, 'O', 'Premium', '22');
insert into Seat (SeatID, SeatNo, SeatRow, SeatType, CinemaID) values (70, 27, 'C', 'VIP', '36');
insert into Seat (SeatID, SeatNo, SeatRow, SeatType, CinemaID) values (71, 50, 'B', 'Couples Only', '8');
insert into Seat (SeatID, SeatNo, SeatRow, SeatType, CinemaID) values (72, 15, 'F', 'Director''s Cut', '32');
insert into Seat (SeatID, SeatNo, SeatRow, SeatType, CinemaID) values (73, 32, 'H', 'Couples Only', '26');
insert into Seat (SeatID, SeatNo, SeatRow, SeatType, CinemaID) values (74, 8, 'M', 'VIP', '40');
insert into Seat (SeatID, SeatNo, SeatRow, SeatType, CinemaID) values (75, 22, 'I', 'Balcony', '41');
-- Review
insert into Review (ReviewID, UserID, Rating, Title) values (1, '14', 7, 'Forrest Gump');
insert into Review (ReviewID, UserID, Rating, Title) values (2, '45', 5, 'Forrest Gump');
insert into Review (ReviewID, UserID, Rating, Title) values (3, '3', 4, 'Avatar');
insert into Review (ReviewID, UserID, Rating, Title) values (4, '50', 2, 'Titanic');
insert into Review (ReviewID, UserID, Rating, Title) values (5, '10', 10, 'The Matrix');
insert into Review (ReviewID, UserID, Rating, Title) values (6, '27', 6, 'Avatar');
insert into Review (ReviewID, UserID, Rating, Title) values (7, '1', 4, 'Forrest Gump');
insert into Review (ReviewID, UserID, Rating, Title) values (8, '5', 9, 'The Shawshank Redemption');
insert into Review (ReviewID, UserID, Rating, Title) values (9, '25', 6, 'Pulp Fiction');
insert into Review (ReviewID, UserID, Rating, Title) values (10, '18', 9, 'The Shawshank Redemption');
insert into Review (ReviewID, UserID, Rating, Title) values (11, '32', 4, 'Forrest Gump');
insert into Review (ReviewID, UserID, Rating, Title) values (12, '49', 7, 'Inception');
insert into Review (ReviewID, UserID, Rating, Title) values (13, '2', 7, 'The Shawshank Redemption');
insert into Review (ReviewID, UserID, Rating, Title) values (14, '41', 1, 'The Godfather');
insert into Review (ReviewID, UserID, Rating, Title) values (15, '8', 6, 'The Dark Knight');
insert into Review (ReviewID, UserID, Rating, Title) values (16, '31', 2, 'The Godfather');
insert into Review (ReviewID, UserID, Rating, Title) values (17, '33', 6, 'Avatar');
insert into Review (ReviewID, UserID, Rating, Title) values (18, '40', 10, 'Titanic');
insert into Review (ReviewID, UserID, Rating, Title) values (19, '46', 2, 'Inception');
insert into Review (ReviewID, UserID, Rating, Title) values (20, '39', 2, 'Inception');
insert into Review (ReviewID, UserID, Rating, Title) values (21, '44', 4, 'Avatar');
insert into Review (ReviewID, UserID, Rating, Title) values (22, '47', 9, 'Pulp Fiction');
insert into Review (ReviewID, UserID, Rating, Title) values (23, '35', 3, 'Forrest Gump');
insert into Review (ReviewID, UserID, Rating, Title) values (24, '13', 9, 'Pulp Fiction');
insert into Review (ReviewID, UserID, Rating, Title) values (25, '6', 8, 'Titanic');
insert into Review (ReviewID, UserID, Rating, Title) values (26, '16', 9, 'Forrest Gump');
insert into Review (ReviewID, UserID, Rating, Title) values (27, '48', 2, 'Jurassic Park');
insert into Review (ReviewID, UserID, Rating, Title) values (28, '38', 5, 'Forrest Gump');
insert into Review (ReviewID, UserID, Rating, Title) values (29, '21', 4, 'Jurassic Park');
insert into Review (ReviewID, UserID, Rating, Title) values (30, '26', 6, 'Inception');
insert into Review (ReviewID, UserID, Rating, Title) values (31, '42', 4, 'The Dark Knight');
insert into Review (ReviewID, UserID, Rating, Title) values (32, '17', 10, 'Inception');
insert into Review (ReviewID, UserID, Rating, Title) values (33, '11', 3, 'Inception');
insert into Review (ReviewID, UserID, Rating, Title) values (34, '4', 1, 'The Shawshank Redemption');
insert into Review (ReviewID, UserID, Rating, Title) values (35, '34', 9, 'Pulp Fiction');
insert into Review (ReviewID, UserID, Rating, Title) values (36, '24', 10, 'The Shawshank Redemption');
insert into Review (ReviewID, UserID, Rating, Title) values (37, '22', 2, 'The Shawshank Redemption');
insert into Review (ReviewID, UserID, Rating, Title) values (38, '9', 6, 'The Dark Knight');
insert into Review (ReviewID, UserID, Rating, Title) values (39, '20', 9, 'Forrest Gump');
insert into Review (ReviewID, UserID, Rating, Title) values (40, '28', 2, 'The Dark Knight');
insert into Review (ReviewID, UserID, Rating, Title) values (41, '36', 4, 'Pulp Fiction');
insert into Review (ReviewID, UserID, Rating, Title) values (42, '23', 6, 'Jurassic Park');
insert into Review (ReviewID, UserID, Rating, Title) values (43, '19', 5, 'Jurassic Park');
insert into Review (ReviewID, UserID, Rating, Title) values (44, '15', 5, 'The Shawshank Redemption');
insert into Review (ReviewID, UserID, Rating, Title) values (45, '12', 1, 'Titanic');
insert into Review (ReviewID, UserID, Rating, Title) values (46, '7', 10, 'The Matrix');
insert into Review (ReviewID, UserID, Rating, Title) values (47, '43', 7, 'Titanic');
insert into Review (ReviewID, UserID, Rating, Title) values (48, '30', 2, 'Inception');
insert into Review (ReviewID, UserID, Rating, Title) values (49, '29', 3, 'Forrest Gump');
insert into Review (ReviewID, UserID, Rating, Title) values (50, '37', 4, 'Pulp Fiction');
insert into Review (ReviewID, UserID, Rating, Title) values (51, '7', 2, 'The Godfather');
insert into Review (ReviewID, UserID, Rating, Title) values (52, '21', 10, 'The Matrix');
insert into Review (ReviewID, UserID, Rating, Title) values (53, '25', 4, 'Forrest Gump');
insert into Review (ReviewID, UserID, Rating, Title) values (54, '2', 7, 'Avatar');
insert into Review (ReviewID, UserID, Rating, Title) values (55, '44', 2, 'Pulp Fiction');
insert into Review (ReviewID, UserID, Rating, Title) values (56, '43', 9, 'The Dark Knight');
insert into Review (ReviewID, UserID, Rating, Title) values (57, '45', 1, 'Pulp Fiction');
insert into Review (ReviewID, UserID, Rating, Title) values (58, '10', 9, 'Inception');
insert into Review (ReviewID, UserID, Rating, Title) values (59, '47', 6, 'Inception');
insert into Review (ReviewID, UserID, Rating, Title) values (60, '20', 7, 'Avatar');
insert into Review (ReviewID, UserID, Rating, Title) values (61, '15', 10, 'The Matrix');
insert into Review (ReviewID, UserID, Rating, Title) values (62, '46', 6, 'Avatar');
insert into Review (ReviewID, UserID, Rating, Title) values (63, '1', 5, 'The Godfather');
insert into Review (ReviewID, UserID, Rating, Title) values (64, '13', 10, 'The Dark Knight');
insert into Review (ReviewID, UserID, Rating, Title) values (65, '33', 9, 'Inception');
insert into Review (ReviewID, UserID, Rating, Title) values (66, '17', 4, 'Titanic');
insert into Review (ReviewID, UserID, Rating, Title) values (67, '8', 5, 'The Godfather');
insert into Review (ReviewID, UserID, Rating, Title) values (68, '37', 10, 'The Shawshank Redemption');
insert into Review (ReviewID, UserID, Rating, Title) values (69, '48', 6, 'Jurassic Park');
insert into Review (ReviewID, UserID, Rating, Title) values (70, '27', 8, 'Avatar');
insert into Review (ReviewID, UserID, Rating, Title) values (71, '23', 1, 'The Shawshank Redemption');
insert into Review (ReviewID, UserID, Rating, Title) values (72, '36', 3, 'Titanic');
insert into Review (ReviewID, UserID, Rating, Title) values (73, '32', 1, 'Titanic');
insert into Review (ReviewID, UserID, Rating, Title) values (74, '14', 1, 'Titanic');
insert into Review (ReviewID, UserID, Rating, Title) values (75, '16', 9, 'The Shawshank Redemption');

-- Post
insert into Post (PostID, UserID, Topic, Content) values (1, '14', 'Box office predictions', 'I was completely immersed in the world of the movie.');
insert into Post (PostID, UserID, Topic, Content) values (2, '1', 'Movie trivia', 'The soundtrack really added to the emotional impact.');
insert into Post (PostID, UserID, Topic, Content) values (3, '27', 'Cinematography analysis', 'I can''t believe that shocking cliffhanger!');
insert into Post (PostID, UserID, Topic, Content) values (4, '22', 'Spoiler discussions', 'I can''t believe that shocking cliffhanger!');
insert into Post (PostID, UserID, Topic, Content) values (5, '29', 'Award predictions', 'The cinematography was stunning.');
insert into Post (PostID, UserID, Topic, Content) values (6, '43', 'Genre debates', 'The acting was top-notch.');
insert into Post (PostID, UserID, Topic, Content) values (7, '31', 'Award predictions', 'I can''t believe that shocking cliffhanger!');
insert into Post (PostID, UserID, Topic, Content) values (8, '18', 'Spoiler discussions', 'The acting was top-notch.');
insert into Post (PostID, UserID, Topic, Content) values (9, '35', 'Movie trivia', 'The acting was top-notch.');
insert into Post (PostID, UserID, Topic, Content) values (10, '33', 'Movie recommendations', 'I was completely immersed in the world of the movie.');
insert into Post (PostID, UserID, Topic, Content) values (11, '48', 'Plot theories', 'This movie had me on the edge of my seat the whole time.');
insert into Post (PostID, UserID, Topic, Content) values (12, '49', 'Film festivals', 'I loved the plot twist at the end!');
insert into Post (PostID, UserID, Topic, Content) values (13, '12', 'Film criticism', 'The soundtrack really added to the emotional impact.');
insert into Post (PostID, UserID, Topic, Content) values (14, '28', 'Character analysis', 'I can''t believe that shocking cliffhanger!');
insert into Post (PostID, UserID, Topic, Content) values (15, '2', 'Plot theories', 'The cinematography was stunning.');
insert into Post (PostID, UserID, Topic, Content) values (16, '34', 'Director discussions', 'The special effects were amazing!');
insert into Post (PostID, UserID, Topic, Content) values (17, '25', 'Movie-related controversies', 'The acting was top-notch.');
insert into Post (PostID, UserID, Topic, Content) values (18, '20', 'Plot theories', 'This movie had me on the edge of my seat the whole time.');
insert into Post (PostID, UserID, Topic, Content) values (19, '32', 'Cinematography analysis', 'The cinematography was stunning.');
insert into Post (PostID, UserID, Topic, Content) values (20, '50', 'Spoiler discussions', 'Great character development throughout the movie.');
insert into Post (PostID, UserID, Topic, Content) values (21, '23', 'Director discussions', 'I can''t believe that shocking cliffhanger!');
insert into Post (PostID, UserID, Topic, Content) values (22, '10', 'Soundtrack discussions', 'The acting was top-notch.');
insert into Post (PostID, UserID, Topic, Content) values (23, '38', 'Soundtrack discussions', 'The acting was top-notch.');
insert into Post (PostID, UserID, Topic, Content) values (24, '13', 'Remake discussions', 'This movie had me on the edge of my seat the whole time.');
insert into Post (PostID, UserID, Topic, Content) values (25, '30', 'Remake discussions', 'I can''t believe that shocking cliffhanger!');
insert into Post (PostID, UserID, Topic, Content) values (26, '5', 'Character analysis', 'The cinematography was stunning.');
insert into Post (PostID, UserID, Topic, Content) values (27, '36', 'Character analysis', 'Great character development throughout the movie.');
insert into Post (PostID, UserID, Topic, Content) values (28, '16', 'Award predictions', 'Great character development throughout the movie.');
insert into Post (PostID, UserID, Topic, Content) values (29, '46', 'Actor/actress performances', 'The special effects were amazing!');
insert into Post (PostID, UserID, Topic, Content) values (30, '24', 'Movie-related memes', 'I loved the plot twist at the end!');
insert into Post (PostID, UserID, Topic, Content) values (31, '6', 'Movie recommendations', 'Great character development throughout the movie.');
insert into Post (PostID, UserID, Topic, Content) values (32, '21', 'Movie recommendations', 'Great character development throughout the movie.');
insert into Post (PostID, UserID, Topic, Content) values (33, '39', 'Movie fan theories', 'I was completely immersed in the world of the movie.');
insert into Post (PostID, UserID, Topic, Content) values (34, '19', 'Film criticism', 'Great character development throughout the movie.');
insert into Post (PostID, UserID, Topic, Content) values (35, '41', 'Movie fan theories', 'I was completely immersed in the world of the movie.');
insert into Post (PostID, UserID, Topic, Content) values (36, '45', 'Movie fan theories', 'The soundtrack really added to the emotional impact.');
insert into Post (PostID, UserID, Topic, Content) values (37, '42', 'Movie-related memes', 'The acting was top-notch.');
insert into Post (PostID, UserID, Topic, Content) values (38, '8', 'Box office predictions', 'The acting was top-notch.');
insert into Post (PostID, UserID, Topic, Content) values (39, '4', 'Award predictions', 'The cinematography was stunning.');
insert into Post (PostID, UserID, Topic, Content) values (40, '9', 'Movie-related memes', 'I can''t believe that shocking cliffhanger!');
insert into Post (PostID, UserID, Topic, Content) values (41, '17', 'Character analysis', 'This movie had me on the edge of my seat the whole time.');
insert into Post (PostID, UserID, Topic, Content) values (42, '15', 'Director discussions', 'I loved the plot twist at the end!');
insert into Post (PostID, UserID, Topic, Content) values (43, '7', 'Cinematography analysis', 'I laughed so hard at that comedic scene.');
insert into Post (PostID, UserID, Topic, Content) values (44, '3', 'Movie recommendations', 'Great character development throughout the movie.');
insert into Post (PostID, UserID, Topic, Content) values (45, '26', 'Behind-the-scenes insights', 'I was completely immersed in the world of the movie.');
insert into Post (PostID, UserID, Topic, Content) values (46, '47', 'Plot theories', 'The special effects were amazing!');
insert into Post (PostID, UserID, Topic, Content) values (47, '40', 'Movie recommendations', 'I was completely immersed in the world of the movie.');
insert into Post (PostID, UserID, Topic, Content) values (48, '44', 'Movie merchandise', 'The cinematography was stunning.');
insert into Post (PostID, UserID, Topic, Content) values (49, '11', 'Movie-related controversies', 'The cinematography was stunning.');
insert into Post (PostID, UserID, Topic, Content) values (50, '37', 'Behind-the-scenes insights', 'The cinematography was stunning.');
insert into Post (PostID, UserID, Topic, Content) values (51, '7', 'Director discussions', 'This movie had me on the edge of my seat the whole time.');
insert into Post (PostID, UserID, Topic, Content) values (52, '48', 'Award predictions', 'The cinematography was stunning.');
insert into Post (PostID, UserID, Topic, Content) values (53, '21', 'Movie franchise discussions', 'The soundtrack really added to the emotional impact.');
insert into Post (PostID, UserID, Topic, Content) values (54, '19', 'Box office predictions', 'Great character development throughout the movie.');
insert into Post (PostID, UserID, Topic, Content) values (55, '11', 'Favorite movie quotes', 'The special effects were amazing!');
insert into Post (PostID, UserID, Topic, Content) values (56, '2', 'Film criticism', 'I laughed so hard at that comedic scene.');
insert into Post (PostID, UserID, Topic, Content) values (57, '37', 'Movie-related memes', 'I laughed so hard at that comedic scene.');
insert into Post (PostID, UserID, Topic, Content) values (58, '16', 'Movie recommendations', 'I laughed so hard at that comedic scene.');
insert into Post (PostID, UserID, Topic, Content) values (59, '30', 'Plot theories', 'I was completely immersed in the world of the movie.');
insert into Post (PostID, UserID, Topic, Content) values (60, '25', 'Film industry trends', 'The special effects were amazing!');
insert into Post (PostID, UserID, Topic, Content) values (61, '6', 'Film criticism', 'The acting was top-notch.');
insert into Post (PostID, UserID, Topic, Content) values (62, '22', 'Movie franchise discussions', 'I was completely immersed in the world of the movie.');
insert into Post (PostID, UserID, Topic, Content) values (63, '46', 'Remake discussions', 'I laughed so hard at that comedic scene.');
insert into Post (PostID, UserID, Topic, Content) values (64, '45', 'Remake discussions', 'Great character development throughout the movie.');
insert into Post (PostID, UserID, Topic, Content) values (65, '23', 'Soundtrack discussions', 'I can''t believe that shocking cliffhanger!');
insert into Post (PostID, UserID, Topic, Content) values (66, '31', 'Movie trivia', 'The acting was top-notch.');
insert into Post (PostID, UserID, Topic, Content) values (67, '13', 'Character analysis', 'I laughed so hard at that comedic scene.');
insert into Post (PostID, UserID, Topic, Content) values (68, '40', 'Behind-the-scenes insights', 'I was completely immersed in the world of the movie.');
insert into Post (PostID, UserID, Topic, Content) values (69, '27', 'Favorite movie quotes', 'The soundtrack really added to the emotional impact.');
insert into Post (PostID, UserID, Topic, Content) values (70, '28', 'Movie fan theories', 'The special effects were amazing!');
insert into Post (PostID, UserID, Topic, Content) values (71, '3', 'Award predictions', 'I laughed so hard at that comedic scene.');
insert into Post (PostID, UserID, Topic, Content) values (72, '41', 'Upcoming releases', 'I was completely immersed in the world of the movie.');
insert into Post (PostID, UserID, Topic, Content) values (73, '36', 'Movie-related controversies', 'Great character development throughout the movie.');
insert into Post (PostID, UserID, Topic, Content) values (74, '49', 'Behind-the-scenes insights', 'The acting was top-notch.');
insert into Post (PostID, UserID, Topic, Content) values (75, '14', 'Plot theories', 'The acting was top-notch.');

-- Notification
insert into Notification (NotificationID, UserID, Time, Sound, Content, Type) values (1, '48', '2:01 AM', 'Pop', 'Get 50% off on all movie rentals this weekend only. Don''t miss out!', 'Seat upgrades');
insert into Notification (NotificationID, UserID, Time, Sound, Content, Type) values (2, '40', '11:04 PM', 'Chime', 'Discover hidden gems: Check out our curated list of indie movies to watch this month.', 'Upcoming events');
insert into Notification (NotificationID, UserID, Time, Sound, Content, Type) values (3, '8', '2:10 AM', 'Pop', 'Watch the classic movie ''Casablanca'' in stunning 4K quality. Limited time offer!', 'Upcoming events');
insert into Notification (NotificationID, UserID, Time, Sound, Content, Type) values (4, '17', '7:50 AM', 'Bell', 'Join our movie trivia contest and win exciting prizes. Test your knowledge now!', 'Bonus points earned');
insert into Notification (NotificationID, UserID, Time, Sound, Content, Type) values (5, '34', '11:57 PM', 'Whistle', 'Get 50% off on all movie rentals this weekend only. Don''t miss out!', 'Seat upgrades');
insert into Notification (NotificationID, UserID, Time, Sound, Content, Type) values (6, '18', '3:45 PM', 'Chime', 'stars in the new movie ''The Secret Agent''. Watch now!', 'Exclusive offers');
insert into Notification (NotificationID, UserID, Time, Sound, Content, Type) values (7, '7', '5:35 PM', 'Whistle', 'Get personalized recommendations based on your viewing history. Find your next favorite movie today!', 'Nearby cinema deals');
insert into Notification (NotificationID, UserID, Time, Sound, Content, Type) values (8, '41', '10:17 AM', 'Ding', 'Upgrade to premium membership and unlock access to exclusive content and early releases.', 'Nearby cinema deals');
insert into Notification (NotificationID, UserID, Time, Sound, Content, Type) values (9, '12', '9:51 AM', 'Whistle', 'stars in the new movie ''The Secret Agent''. Watch now!', 'Seat upgrades');
insert into Notification (NotificationID, UserID, Time, Sound, Content, Type) values (10, '45', '11:19 PM', 'Chime', 'Your favorite actor', 'Ticket confirmations');
insert into Notification (NotificationID, UserID, Time, Sound, Content, Type) values (11, '32', '6:03 PM', 'Pop', 'New episode of your favorite TV show ''The Detective Chronicles'' now available to watch!', 'Exclusive offers');
insert into Notification (NotificationID, UserID, Time, Sound, Content, Type) values (12, '10', '1:51 AM', 'Bell', 'John Doe', 'Seat upgrades');
insert into Notification (NotificationID, UserID, Time, Sound, Content, Type) values (13, '47', '4:27 PM', 'Chime', 'John Doe', 'Upcoming events');
insert into Notification (NotificationID, UserID, Time, Sound, Content, Type) values (14, '16', '4:39 AM', 'Ding', 'John Doe', 'Reminder for movie start time');
insert into Notification (NotificationID, UserID, Time, Sound, Content, Type) values (15, '37', '10:28 PM', 'Bell', 'Get personalized recommendations based on your viewing history. Find your next favorite movie today!', 'New movie releases');
insert into Notification (NotificationID, UserID, Time, Sound, Content, Type) values (16, '31', '7:14 AM', 'Ding', 'John Doe', 'New movie releases');
insert into Notification (NotificationID, UserID, Time, Sound, Content, Type) values (17, '36', '1:41 PM', 'Ding', 'Get 50% off on all movie rentals this weekend only. Don''t miss out!', 'New movie releases');
insert into Notification (NotificationID, UserID, Time, Sound, Content, Type) values (18, '20', '10:00 AM', 'Chime', 'Discover hidden gems: Check out our curated list of indie movies to watch this month.', 'Exclusive offers');
insert into Notification (NotificationID, UserID, Time, Sound, Content, Type) values (19, '26', '3:04 AM', 'Pop', 'Get personalized recommendations based on your viewing history. Find your next favorite movie today!', 'Exclusive offers');
insert into Notification (NotificationID, UserID, Time, Sound, Content, Type) values (20, '1', '9:45 PM', 'Whistle', 'Exclusive sneak peek: Behind the scenes of the upcoming movie ''The Mystery of the Lost City''', 'Exclusive offers');
insert into Notification (NotificationID, UserID, Time, Sound, Content, Type) values (21, '50', '5:36 PM', 'Ding', 'Discover hidden gems: Check out our curated list of indie movies to watch this month.', 'Ticket confirmations');
insert into Notification (NotificationID, UserID, Time, Sound, Content, Type) values (22, '13', '6:51 AM', 'Whistle', 'Discover hidden gems: Check out our curated list of indie movies to watch this month.', 'Ticket confirmations');
insert into Notification (NotificationID, UserID, Time, Sound, Content, Type) values (23, '11', '1:39 PM', 'Whistle', 'Upgrade to premium membership and unlock access to exclusive content and early releases.', 'Exclusive offers');
insert into Notification (NotificationID, UserID, Time, Sound, Content, Type) values (24, '2', '7:19 AM', 'Bell', 'John Doe', 'New movie releases');
insert into Notification (NotificationID, UserID, Time, Sound, Content, Type) values (25, '15', '9:07 PM', 'Ding', 'John Doe', 'Seat upgrades');
insert into Notification (NotificationID, UserID, Time, Sound, Content, Type) values (26, '46', '11:55 AM', 'Ding', 'John Doe', 'Seat upgrades');
insert into Notification (NotificationID, UserID, Time, Sound, Content, Type) values (27, '25', '5:16 PM', 'Pop', 'Exclusive sneak peek: Behind the scenes of the upcoming movie ''The Mystery of the Lost City''', 'New movie releases');
insert into Notification (NotificationID, UserID, Time, Sound, Content, Type) values (28, '27', '5:53 AM', 'Chime', 'New episode of your favorite TV show ''The Detective Chronicles'' now available to watch!', 'Seat upgrades');
insert into Notification (NotificationID, UserID, Time, Sound, Content, Type) values (29, '35', '8:38 AM', 'Pop', 'Join our movie trivia contest and win exciting prizes. Test your knowledge now!', 'Special discounts');
insert into Notification (NotificationID, UserID, Time, Sound, Content, Type) values (30, '23', '1:59 AM', 'Bell', 'Upgrade to premium membership and unlock access to exclusive content and early releases.', 'Bonus points earned');
insert into Notification (NotificationID, UserID, Time, Sound, Content, Type) values (31, '3', '10:12 PM', 'Whistle', 'John Doe', 'New movie releases');
insert into Notification (NotificationID, UserID, Time, Sound, Content, Type) values (32, '33', '1:18 PM', 'Ding', 'Your favorite actor', 'Reminder for movie start time');
insert into Notification (NotificationID, UserID, Time, Sound, Content, Type) values (33, '21', '12:33 PM', 'Chime', 'New movie release: ''The Galactic Adventure'' now available for streaming!', 'Bonus points earned');
insert into Notification (NotificationID, UserID, Time, Sound, Content, Type) values (34, '42', '12:07 AM', 'Whistle', 'Upgrade to premium membership and unlock access to exclusive content and early releases.', 'Loyalty program rewards');
insert into Notification (NotificationID, UserID, Time, Sound, Content, Type) values (35, '9', '3:35 AM', 'Pop', 'stars in the new movie ''The Secret Agent''. Watch now!', 'Loyalty program rewards');
insert into Notification (NotificationID, UserID, Time, Sound, Content, Type) values (36, '24', '6:30 AM', 'Ding', 'Discover hidden gems: Check out our curated list of indie movies to watch this month.', 'Reminder for movie start time');
insert into Notification (NotificationID, UserID, Time, Sound, Content, Type) values (37, '29', '5:18 AM', 'Ding', 'Exclusive sneak peek: Behind the scenes of the upcoming movie ''The Mystery of the Lost City''', 'Upcoming events');
insert into Notification (NotificationID, UserID, Time, Sound, Content, Type) values (38, '22', '7:16 PM', 'Ding', 'Your favorite actor', 'Nearby cinema deals');
insert into Notification (NotificationID, UserID, Time, Sound, Content, Type) values (39, '38', '5:57 AM', 'Chime', 'John Doe', 'Upcoming events');
insert into Notification (NotificationID, UserID, Time, Sound, Content, Type) values (40, '5', '9:30 PM', 'Bell', 'Get 50% off on all movie rentals this weekend only. Don''t miss out!', 'Exclusive offers');
insert into Notification (NotificationID, UserID, Time, Sound, Content, Type) values (41, '14', '12:34 PM', 'Ding', 'Your favorite actor', 'Loyalty program rewards');
insert into Notification (NotificationID, UserID, Time, Sound, Content, Type) values (42, '6', '6:19 AM', 'Ding', 'New episode of your favorite TV show ''The Detective Chronicles'' now available to watch!', 'Seat upgrades');
insert into Notification (NotificationID, UserID, Time, Sound, Content, Type) values (43, '44', '6:26 PM', 'Whistle', 'Get personalized recommendations based on your viewing history. Find your next favorite movie today!', 'Seat upgrades');
insert into Notification (NotificationID, UserID, Time, Sound, Content, Type) values (44, '19', '2:45 AM', 'Pop', 'Get personalized recommendations based on your viewing history. Find your next favorite movie today!', 'New movie releases');
insert into Notification (NotificationID, UserID, Time, Sound, Content, Type) values (45, '4', '1:01 PM', 'Ding', 'New movie release: ''The Galactic Adventure'' now available for streaming!', 'Exclusive offers');
insert into Notification (NotificationID, UserID, Time, Sound, Content, Type) values (46, '30', '4:03 AM', 'Chime', 'Get personalized recommendations based on your viewing history. Find your next favorite movie today!', 'Exclusive offers');
insert into Notification (NotificationID, UserID, Time, Sound, Content, Type) values (47, '49', '8:24 AM', 'Whistle', 'Upgrade to premium membership and unlock access to exclusive content and early releases.', 'Upcoming events');
insert into Notification (NotificationID, UserID, Time, Sound, Content, Type) values (48, '43', '11:39 PM', 'Ding', 'New episode of your favorite TV show ''The Detective Chronicles'' now available to watch!', 'Bonus points earned');
insert into Notification (NotificationID, UserID, Time, Sound, Content, Type) values (49, '28', '7:55 PM', 'Ding', 'New episode of your favorite TV show ''The Detective Chronicles'' now available to watch!', 'Ticket confirmations');
insert into Notification (NotificationID, UserID, Time, Sound, Content, Type) values (50, '39', '12:26 PM', 'Pop', 'Watch the classic movie ''Casablanca'' in stunning 4K quality. Limited time offer!', 'Upcoming events');
insert into Notification (NotificationID, UserID, Time, Sound, Content, Type) values (51, '44', '4:45 PM', 'Ding', 'John Doe', 'New movie releases');
insert into Notification (NotificationID, UserID, Time, Sound, Content, Type) values (52, '45', '10:05 PM', 'Whistle', 'Exclusive sneak peek: Behind the scenes of the upcoming movie ''The Mystery of the Lost City''', 'Loyalty program rewards');
insert into Notification (NotificationID, UserID, Time, Sound, Content, Type) values (53, '40', '7:16 PM', 'Pop', 'New episode of your favorite TV show ''The Detective Chronicles'' now available to watch!', 'Exclusive offers');
insert into Notification (NotificationID, UserID, Time, Sound, Content, Type) values (54, '7', '11:58 PM', 'Chime', 'New movie release: ''The Galactic Adventure'' now available for streaming!', 'Seat upgrades');
insert into Notification (NotificationID, UserID, Time, Sound, Content, Type) values (55, '18', '2:20 PM', 'Ding', 'Exclusive sneak peek: Behind the scenes of the upcoming movie ''The Mystery of the Lost City''', 'Loyalty program rewards');
insert into Notification (NotificationID, UserID, Time, Sound, Content, Type) values (56, '47', '7:05 AM', 'Pop', 'Join our movie trivia contest and win exciting prizes. Test your knowledge now!', 'Nearby cinema deals');
insert into Notification (NotificationID, UserID, Time, Sound, Content, Type) values (57, '9', '9:50 PM', 'Ding', 'Upgrade to premium membership and unlock access to exclusive content and early releases.', 'Seat upgrades');
insert into Notification (NotificationID, UserID, Time, Sound, Content, Type) values (58, '1', '5:23 AM', 'Pop', 'Your favorite actor', 'Ticket confirmations');
insert into Notification (NotificationID, UserID, Time, Sound, Content, Type) values (59, '30', '6:57 PM', 'Chime', 'New episode of your favorite TV show ''The Detective Chronicles'' now available to watch!', 'Ticket confirmations');
insert into Notification (NotificationID, UserID, Time, Sound, Content, Type) values (60, '29', '1:39 PM', 'Bell', 'New movie release: ''The Galactic Adventure'' now available for streaming!', 'Special discounts');
insert into Notification (NotificationID, UserID, Time, Sound, Content, Type) values (61, '3', '9:34 AM', 'Pop', 'Discover hidden gems: Check out our curated list of indie movies to watch this month.', 'Ticket confirmations');
insert into Notification (NotificationID, UserID, Time, Sound, Content, Type) values (62, '21', '2:32 PM', 'Chime', 'New episode of your favorite TV show ''The Detective Chronicles'' now available to watch!', 'Special discounts');
insert into Notification (NotificationID, UserID, Time, Sound, Content, Type) values (63, '5', '7:22 PM', 'Chime', 'Get 50% off on all movie rentals this weekend only. Don''t miss out!', 'Bonus points earned');
insert into Notification (NotificationID, UserID, Time, Sound, Content, Type) values (64, '20', '7:34 AM', 'Whistle', 'Join our movie trivia contest and win exciting prizes. Test your knowledge now!', 'Reminder for movie start time');
insert into Notification (NotificationID, UserID, Time, Sound, Content, Type) values (65, '6', '10:25 AM', 'Bell', 'Discover hidden gems: Check out our curated list of indie movies to watch this month.', 'Nearby cinema deals');
insert into Notification (NotificationID, UserID, Time, Sound, Content, Type) values (66, '39', '8:08 PM', 'Whistle', 'stars in the new movie ''The Secret Agent''. Watch now!', 'Loyalty program rewards');
insert into Notification (NotificationID, UserID, Time, Sound, Content, Type) values (67, '32', '12:52 AM', 'Chime', 'Get 50% off on all movie rentals this weekend only. Don''t miss out!', 'Reminder for movie start time');
insert into Notification (NotificationID, UserID, Time, Sound, Content, Type) values (68, '50', '6:14 AM', 'Whistle', 'Exclusive sneak peek: Behind the scenes of the upcoming movie ''The Mystery of the Lost City''', 'Nearby cinema deals');
insert into Notification (NotificationID, UserID, Time, Sound, Content, Type) values (69, '10', '9:37 PM', 'Bell', 'Join our movie trivia contest and win exciting prizes. Test your knowledge now!', 'Bonus points earned');
insert into Notification (NotificationID, UserID, Time, Sound, Content, Type) values (70, '19', '3:24 AM', 'Pop', 'Upgrade to premium membership and unlock access to exclusive content and early releases.', 'Loyalty program rewards');
insert into Notification (NotificationID, UserID, Time, Sound, Content, Type) values (71, '38', '3:59 PM', 'Bell', 'stars in the new movie ''The Secret Agent''. Watch now!', 'Exclusive offers');
insert into Notification (NotificationID, UserID, Time, Sound, Content, Type) values (72, '2', '6:44 PM', 'Bell', 'stars in the new movie ''The Secret Agent''. Watch now!', 'Upcoming events');
insert into Notification (NotificationID, UserID, Time, Sound, Content, Type) values (73, '11', '6:49 PM', 'Bell', 'Join our movie trivia contest and win exciting prizes. Test your knowledge now!', 'Bonus points earned');
insert into Notification (NotificationID, UserID, Time, Sound, Content, Type) values (74, '46', '11:36 AM', 'Pop', 'Upgrade to premium membership and unlock access to exclusive content and early releases.', 'Seat upgrades');
insert into Notification (NotificationID, UserID, Time, Sound, Content, Type) values (75, '49', '11:13 PM', 'Pop', 'New movie release: ''The Galactic Adventure'' now available for streaming!', 'Exclusive offers');

-- Movie
insert into Movie (MovieID, Title, Studio, Country, Genre, MaturityRating) values (1, 'Trou, Le (Hole, The) (Night Watch, The)', 'Mountain High Studios', 'India', 'Crime|Film-Noir', 'X');
insert into Movie (MovieID, Title, Studio, Country, Genre, MaturityRating) values (2, 'In Order Not to Be Here', 'Emerald City Entertainment', 'United States', '(no genres listed)', 'R');
insert into Movie (MovieID, Title, Studio, Country, Genre, MaturityRating) values (3, 'Trailer Park Boys: The Movie', 'Midnight Motion Pictures', 'Japan', 'Comedy|Crime', 'Unrated');
insert into Movie (MovieID, Title, Studio, Country, Genre, MaturityRating) values (4, 'Grand Masti', 'Golden Gate Pictures', 'Japan', 'Comedy|Drama|Romance', 'Unrated');
insert into Movie (MovieID, Title, Studio, Country, Genre, MaturityRating) values (5, 'Burnt Money (Plata Quemada)', 'Golden Gate Pictures', 'Australia', 'Action|Crime|Drama|Romance|Thriller', 'M');
insert into Movie (MovieID, Title, Studio, Country, Genre, MaturityRating) values (6, 'Joy Luck Club, The', 'Midnight Motion Pictures', 'Japan', 'Drama|Romance', 'Unrated');
insert into Movie (MovieID, Title, Studio, Country, Genre, MaturityRating) values (7, 'Come Undone (Presque Rien)', 'Mountain High Studios', 'France', 'Drama|Romance', 'NR');
insert into Movie (MovieID, Title, Studio, Country, Genre, MaturityRating) values (8, 'Legend of the Boneknapper Dragon', 'Mountain High Studios', 'United States', 'Animation|Fantasy', 'MA');
insert into Movie (MovieID, Title, Studio, Country, Genre, MaturityRating) values (9, 'Touch the Sound: A Sound Journey with Evelyn Glennie', 'Golden Gate Pictures', 'Japan', 'Documentary', 'NC-17');
insert into Movie (MovieID, Title, Studio, Country, Genre, MaturityRating) values (10, 'Eve''s Bayou', 'Moonbeam Films', 'India', 'Drama', 'PG-13');
insert into Movie (MovieID, Title, Studio, Country, Genre, MaturityRating) values (11, 'Fistful of Dollars, A (Per un pugno di dollari)', 'Emerald City Entertainment', 'Australia', 'Action|Western', 'R');
insert into Movie (MovieID, Title, Studio, Country, Genre, MaturityRating) values (12, 'Grim Reaper', 'Oceanview Films', 'Germany', 'Horror', 'X');
insert into Movie (MovieID, Title, Studio, Country, Genre, MaturityRating) values (13, 'Rock Star', 'Sunset Studios', 'South Africa', 'Comedy|Drama|Musical', 'G');
insert into Movie (MovieID, Title, Studio, Country, Genre, MaturityRating) values (14, 'C.H.U.D.', 'Oceanview Films', 'Brazil', 'Horror', 'NR');
insert into Movie (MovieID, Title, Studio, Country, Genre, MaturityRating) values (15, 'How to Irritate People', 'Emerald City Entertainment', 'Australia', 'Comedy', 'PG-13');
insert into Movie (MovieID, Title, Studio, Country, Genre, MaturityRating) values (16, 'Enemy Within, The (O ehthros mou)', 'Midnight Motion Pictures', 'Canada', 'Drama', 'PG-13');
insert into Movie (MovieID, Title, Studio, Country, Genre, MaturityRating) values (17, 'Crazy Love (a.k.a. Love Is a Dog from Hell)', 'Midnight Motion Pictures', 'France', 'Drama', 'NC-17');
insert into Movie (MovieID, Title, Studio, Country, Genre, MaturityRating) values (18, 'Kestrel''s Eye (Falkens ga)', 'Mountain High Studios', 'Germany', 'Documentary', 'Unrated');
insert into Movie (MovieID, Title, Studio, Country, Genre, MaturityRating) values (19, 'First Strike', 'Golden Gate Pictures', 'France', 'Documentary', 'R');
insert into Movie (MovieID, Title, Studio, Country, Genre, MaturityRating) values (20, 'Tall Man, The', 'Starlight Productions', 'France', 'Crime|Drama|Mystery', 'R');
insert into Movie (MovieID, Title, Studio, Country, Genre, MaturityRating) values (21, 'My Man Godfrey', 'Midnight Motion Pictures', 'India', 'Comedy', 'M');
insert into Movie (MovieID, Title, Studio, Country, Genre, MaturityRating) values (22, 'Milk and Honey', 'Oceanview Films', 'Canada', 'Drama', 'MA');
insert into Movie (MovieID, Title, Studio, Country, Genre, MaturityRating) values (23, 'American Ninja 3: Blood Hunt', 'Golden Gate Pictures', 'United States', 'Action|Adventure', 'NR');
insert into Movie (MovieID, Title, Studio, Country, Genre, MaturityRating) values (24, 'Sharpay''s Fabulous Adventure', 'Midnight Motion Pictures', 'Canada', 'Children|Comedy', 'G');
insert into Movie (MovieID, Title, Studio, Country, Genre, MaturityRating) values (25, 'Adam and Eve (Ado e Eva)', 'Cityscape Cinema', 'Germany', 'Drama', 'R');
insert into Movie (MovieID, Title, Studio, Country, Genre, MaturityRating) values (26, 'I''m Here', 'Sunset Studios', 'Brazil', 'Drama', 'R');
insert into Movie (MovieID, Title, Studio, Country, Genre, MaturityRating) values (27, 'Red Riding: 1974', 'Sunset Studios', 'Germany', 'Crime|Drama|Mystery|Thriller', 'MA');
insert into Movie (MovieID, Title, Studio, Country, Genre, MaturityRating) values (28, 'Aaja Nachle', 'Golden Gate Pictures', 'Australia', 'Comedy|Musical|Romance', 'PG');
insert into Movie (MovieID, Title, Studio, Country, Genre, MaturityRating) values (29, 'Murder in the First', 'Silver Screen Studios', 'France', 'Drama|Thriller', 'MA');
insert into Movie (MovieID, Title, Studio, Country, Genre, MaturityRating) values (30, 'Zone 39', 'Starlight Productions', 'United States', 'Sci-Fi', 'X');
insert into Movie (MovieID, Title, Studio, Country, Genre, MaturityRating) values (31, 'Orgy of the Dead', 'Emerald City Entertainment', 'United States', 'Horror', 'NR');
insert into Movie (MovieID, Title, Studio, Country, Genre, MaturityRating) values (32, 'Of Mice and Men', 'Golden Gate Pictures', 'United Kingdom', 'Drama', 'M');
insert into Movie (MovieID, Title, Studio, Country, Genre, MaturityRating) values (33, 'Parasite', 'Starlight Productions', 'United States', 'Horror|Sci-Fi', 'M');
insert into Movie (MovieID, Title, Studio, Country, Genre, MaturityRating) values (34, 'Red State', 'Emerald City Entertainment', 'South Africa', 'Horror|Thriller', 'MA');
insert into Movie (MovieID, Title, Studio, Country, Genre, MaturityRating) values (35, 'Still Life', 'Sunset Studios', 'France', 'Drama', 'PG');
insert into Movie (MovieID, Title, Studio, Country, Genre, MaturityRating) values (36, 'Dark Ride', 'Starlight Productions', 'South Africa', 'Horror|Thriller', 'G');
insert into Movie (MovieID, Title, Studio, Country, Genre, MaturityRating) values (37, 'Crazy in Alabama', 'Cityscape Cinema', 'United Kingdom', 'Comedy|Drama', 'NR');
insert into Movie (MovieID, Title, Studio, Country, Genre, MaturityRating) values (38, 'Tasting Menu', 'Moonbeam Films', 'United Kingdom', 'Comedy', 'NC-17');
insert into Movie (MovieID, Title, Studio, Country, Genre, MaturityRating) values (39, 'Behind the Screen', 'Silver Screen Studios', 'United Kingdom', 'Comedy|Romance', 'PG-13');
insert into Movie (MovieID, Title, Studio, Country, Genre, MaturityRating) values (40, 'What Will You Do When You Catch Me? (Co mi zrobisz jak mnie zlapiesz?)', 'Moonbeam Films', 'Brazil', 'Comedy|Crime', 'PG-13');
insert into Movie (MovieID, Title, Studio, Country, Genre, MaturityRating) values (41, 'Alice in Wonderland', 'Oceanview Films', 'France', 'Adventure|Comedy|Fantasy', 'G');
insert into Movie (MovieID, Title, Studio, Country, Genre, MaturityRating) values (42, 'March of the Penguins (Marche de l''empereur, La)', 'Midnight Motion Pictures', 'Japan', 'Documentary', 'M');
insert into Movie (MovieID, Title, Studio, Country, Genre, MaturityRating) values (43, 'Violeta Went to Heaven (Violeta se fue a los cielos)', 'Moonbeam Films', 'United States', 'Drama', 'NR');
insert into Movie (MovieID, Title, Studio, Country, Genre, MaturityRating) values (44, 'Dragon Ball Z: Dead Zone (Doragon bru Z 1: Ora no Gohan wo kaese)', 'Starlight Productions', 'India', 'Action|Adventure|Animation|Fantasy|Sci-Fi', 'X');
insert into Movie (MovieID, Title, Studio, Country, Genre, MaturityRating) values (45, 'Fastest Gun Alive, The', 'Mountain High Studios', 'Brazil', 'Western', 'X');
insert into Movie (MovieID, Title, Studio, Country, Genre, MaturityRating) values (46, 'The Things of Life', 'Emerald City Entertainment', 'Japan', 'Drama|Romance', 'NC-17');
insert into Movie (MovieID, Title, Studio, Country, Genre, MaturityRating) values (47, 'Little Sister', 'Sunset Studios', 'Brazil', 'Comedy', 'NR');
insert into Movie (MovieID, Title, Studio, Country, Genre, MaturityRating) values (48, 'Band of the Hand', 'Silver Screen Studios', 'United States', 'Action|Crime|Drama', 'G');
insert into Movie (MovieID, Title, Studio, Country, Genre, MaturityRating) values (49, 'Once Upon a Time in Phuket (En gng i Phuket)', 'Emerald City Entertainment', 'Japan', 'Comedy', 'MA');
insert into Movie (MovieID, Title, Studio, Country, Genre, MaturityRating) values (50, 'Pink Floyd: The Wall', 'Cityscape Cinema', 'Brazil', 'Drama|Musical', 'M');

-- Forum
insert into Forum (Section, Genre, Topic) values ('Actor Discussions', 'Drama', 'Character analysis');
insert into Forum (Section, Genre, Topic) values ('Fan Theories', 'Comedy', 'Behind-the-scenes insights');
insert into Forum (Section, Genre, Topic) values ('General Discussion', 'Drama', 'Movie news updates');
insert into Forum (Section, Genre, Topic) values ('Actor Discussions', 'Mystery', 'Soundtrack discussions');
insert into Forum (Section, Genre, Topic) values ('Soundtrack Discussions', 'Fantasy', 'Movie fan theories');
insert into Forum (Section, Genre, Topic) values ('Polls', 'Action', 'Movie merchandise');
insert into Forum (Section, Genre, Topic) values ('Soundtrack Discussions', 'Fantasy', 'Genre debates');
insert into Forum (Section, Genre, Topic) values ('Recommendations', 'Comedy', 'Film industry trends');
insert into Forum (Section, Genre, Topic) values ('Soundtrack Discussions', 'Sci-Fi', 'Favorite movie quotes');
insert into Forum (Section, Genre, Topic) values ('Upcoming Releases', 'Romance', 'Movie recommendations');
insert into Forum (Section, Genre, Topic) values ('Trivia', 'Fantasy', 'Movie-related memes');
insert into Forum (Section, Genre, Topic) values ('Recommendations', 'Documentary', 'Movie fan theories');
insert into Forum (Section, Genre, Topic) values ('Fan Theories', 'Thriller', 'Movie franchise discussions');
insert into Forum (Section, Genre, Topic) values ('Recommendations', 'Documentary', 'Movie reviews');
insert into Forum (Section, Genre, Topic) values ('Upcoming Releases', 'Drama', 'Movie merchandise');
insert into Forum (Section, Genre, Topic) values ('General Discussion', 'Drama', 'Box office predictions');
insert into Forum (Section, Genre, Topic) values ('General Discussion', 'Documentary', 'Movie reviews');
insert into Forum (Section, Genre, Topic) values ('Polls', 'Drama', 'Movie reviews');
insert into Forum (Section, Genre, Topic) values ('Behind the Scenes', 'Drama', 'Favorite movie quotes');
insert into Forum (Section, Genre, Topic) values ('Soundtrack Discussions', 'Romance', 'Movie reviews');
insert into Forum (Section, Genre, Topic) values ('Soundtrack Discussions', 'Action', 'Film industry trends');
insert into Forum (Section, Genre, Topic) values ('Soundtrack Discussions', 'Action', 'Movie franchise discussions');
insert into Forum (Section, Genre, Topic) values ('Polls', 'Documentary', 'Character analysis');
insert into Forum (Section, Genre, Topic) values ('Movie Reviews', 'Drama', 'Movie franchise discussions');
insert into Forum (Section, Genre, Topic) values ('Recommendations', 'Comedy', 'Remake discussions');
insert into Forum (Section, Genre, Topic) values ('Upcoming Releases', 'Horror', 'Movie franchise discussions');
insert into Forum (Section, Genre, Topic) values ('Actor Discussions', 'Horror', 'Upcoming releases');
insert into Forum (Section, Genre, Topic) values ('Actor Discussions', 'Action', 'Genre debates');
insert into Forum (Section, Genre, Topic) values ('Soundtrack Discussions', 'Documentary', 'Character analysis');
insert into Forum (Section, Genre, Topic) values ('Soundtrack Discussions', 'Horror', 'Genre debates');
insert into Forum (Section, Genre, Topic) values ('Movie Reviews', 'Comedy', 'Movie merchandise');
insert into Forum (Section, Genre, Topic) values ('Fan Theories', 'Sci-Fi', 'Box office predictions');
insert into Forum (Section, Genre, Topic) values ('Trivia', 'Thriller', 'Film industry trends');
insert into Forum (Section, Genre, Topic) values ('Polls', 'Sci-Fi', 'Actor/actress performances');
insert into Forum (Section, Genre, Topic) values ('Movie Reviews', 'Documentary', 'Movie news updates');
insert into Forum (Section, Genre, Topic) values ('Upcoming Releases', 'Sci-Fi', 'Movie trivia');
insert into Forum (Section, Genre, Topic) values ('Soundtrack Discussions', 'Romance', 'Remake discussions');
insert into Forum (Section, Genre, Topic) values ('Behind the Scenes', 'Drama', 'Plot theories');
insert into Forum (Section, Genre, Topic) values ('Recommendations', 'Thriller', 'Box office predictions');
insert into Forum (Section, Genre, Topic) values ('General Discussion', 'Documentary', 'Behind-the-scenes insights');
insert into Forum (Section, Genre, Topic) values ('Actor Discussions', 'Romance', 'Box office predictions');
insert into Forum (Section, Genre, Topic) values ('Recommendations', 'Comedy', 'Award predictions');
insert into Forum (Section, Genre, Topic) values ('Fan Theories', 'Documentary', 'Behind-the-scenes insights');
insert into Forum (Section, Genre, Topic) values ('Trivia', 'Drama', 'Spoiler discussions');
insert into Forum (Section, Genre, Topic) values ('Soundtrack Discussions', 'Thriller', 'Movie-related controversies');
insert into Forum (Section, Genre, Topic) values ('Upcoming Releases', 'Horror', 'Behind-the-scenes insights');
insert into Forum (Section, Genre, Topic) values ('Fan Theories', 'Romance', 'Box office predictions');
insert into Forum (Section, Genre, Topic) values ('Fan Theories', 'Sci-Fi', 'Character analysis');
insert into Forum (Section, Genre, Topic) values ('Movie Reviews', 'Horror', 'Award predictions');
insert into Forum (Section, Genre, Topic) values ('General Discussion', 'Horror', 'Movie-related memes');
insert into Forum (Section, Genre, Topic) values ('Behind the Scenes', 'Action', 'Favorite movie quotes');
insert into Forum (Section, Genre, Topic) values ('Actor Discussions', 'Action', 'Behind-the-scenes insights');
insert into Forum (Section, Genre, Topic) values ('Trivia', 'Fantasy', 'Movie merchandise');
insert into Forum (Section, Genre, Topic) values ('Recommendations', 'Mystery', 'Spoiler discussions');
insert into Forum (Section, Genre, Topic) values ('General Discussion', 'Drama', 'Genre debates');
insert into Forum (Section, Genre, Topic) values ('Upcoming Releases', 'Drama', 'Genre debates');
insert into Forum (Section, Genre, Topic) values ('Polls', 'Romance', 'Soundtrack discussions');
insert into Forum (Section, Genre, Topic) values ('Actor Discussions', 'Drama', 'Remake discussions');
insert into Forum (Section, Genre, Topic) values ('Actor Discussions', 'Thriller', 'Soundtrack discussions');
insert into Forum (Section, Genre, Topic) values ('Polls', 'Sci-Fi', 'Plot theories');
insert into Forum (Section, Genre, Topic) values ('Polls', 'Sci-Fi', 'Movie-related memes');
insert into Forum (Section, Genre, Topic) values ('Upcoming Releases', 'Action', 'Movie news updates');
insert into Forum (Section, Genre, Topic) values ('Soundtrack Discussions', 'Documentary', 'Genre debates');
insert into Forum (Section, Genre, Topic) values ('Fan Theories', 'Thriller', 'Spoiler discussions');
insert into Forum (Section, Genre, Topic) values ('Behind the Scenes', 'Documentary', 'Movie recommendations');
insert into Forum (Section, Genre, Topic) values ('Polls', 'Documentary', 'Soundtrack discussions');
insert into Forum (Section, Genre, Topic) values ('Trivia', 'Romance', 'Movie franchise discussions');
insert into Forum (Section, Genre, Topic) values ('Actor Discussions', 'Comedy', 'Remake discussions');
insert into Forum (Section, Genre, Topic) values ('Fan Theories', 'Fantasy', 'Spoiler discussions');
insert into Forum (Section, Genre, Topic) values ('Actor Discussions', 'Fantasy', 'Soundtrack discussions');
insert into Forum (Section, Genre, Topic) values ('Polls', 'Romance', 'Soundtrack discussions');
insert into Forum (Section, Genre, Topic) values ('Fan Theories', 'Comedy', 'Soundtrack discussions');
insert into Forum (Section, Genre, Topic) values ('General Discussion', 'Comedy', 'Movie fan theories');
insert into Forum (Section, Genre, Topic) values ('General Discussion', 'Drama', 'Movie trivia');
insert into Forum (Section, Genre, Topic) values ('Upcoming Releases', 'Horror', 'Film industry trends');
insert into Forum (Section, Genre, Topic) values ('Trivia', 'Documentary', 'Movie reviews');
insert into Forum (Section, Genre, Topic) values ('Movie Reviews', 'Comedy', 'Movie fan theories');
insert into Forum (Section, Genre, Topic) values ('Fan Theories', 'Mystery', 'Remake discussions');
insert into Forum (Section, Genre, Topic) values ('Upcoming Releases', 'Fantasy', 'Film industry trends');
insert into Forum (Section, Genre, Topic) values ('Behind the Scenes', 'Drama', 'Film industry trends');
insert into Forum (Section, Genre, Topic) values ('Upcoming Releases', 'Fantasy', 'Spoiler discussions');
insert into Forum (Section, Genre, Topic) values ('Upcoming Releases', 'Mystery', 'Movie fan theories');
insert into Forum (Section, Genre, Topic) values ('Movie Reviews', 'Romance', 'Movie-related memes');
insert into Forum (Section, Genre, Topic) values ('Recommendations', 'Comedy', 'Soundtrack discussions');
insert into Forum (Section, Genre, Topic) values ('Trivia', 'Sci-Fi', 'Soundtrack discussions');
insert into Forum (Section, Genre, Topic) values ('Soundtrack Discussions', 'Horror', 'Plot theories');
insert into Forum (Section, Genre, Topic) values ('Polls', 'Horror', 'Award predictions');
insert into Forum (Section, Genre, Topic) values ('Trivia', 'Thriller', 'Favorite movie quotes');
insert into Forum (Section, Genre, Topic) values ('Actor Discussions', 'Drama', 'Movie fan theories');
insert into Forum (Section, Genre, Topic) values ('Behind the Scenes', 'Drama', 'Character analysis');
insert into Forum (Section, Genre, Topic) values ('Movie Reviews', 'Sci-Fi', 'Spoiler discussions');
insert into Forum (Section, Genre, Topic) values ('Soundtrack Discussions', 'Horror', 'Behind-the-scenes insights');
insert into Forum (Section, Genre, Topic) values ('Actor Discussions', 'Mystery', 'Genre debates');
insert into Forum (Section, Genre, Topic) values ('Actor Discussions', 'Fantasy', 'Soundtrack discussions');
insert into Forum (Section, Genre, Topic) values ('Actor Discussions', 'Documentary', 'Movie-related memes');
insert into Forum (Section, Genre, Topic) values ('Behind the Scenes', 'Fantasy', 'Award predictions');
insert into Forum (Section, Genre, Topic) values ('General Discussion', 'Horror', 'Remake discussions');
insert into Forum (Section, Genre, Topic) values ('Behind the Scenes', 'Mystery', 'Genre debates');
insert into Forum (Section, Genre, Topic) values ('Recommendations', 'Thriller', 'Movie franchise discussions');
insert into Forum (Section, Genre, Topic) values ('Recommendations', 'Drama', 'Soundtrack discussions');
insert into Forum (Section, Genre, Topic) values ('Soundtrack Discussions', 'Mystery', 'Box office predictions');
insert into Forum (Section, Genre, Topic) values ('Polls', 'Drama', 'Movie news updates');
insert into Forum (Section, Genre, Topic) values ('General Discussion', 'Sci-Fi', 'Box office predictions');
insert into Forum (Section, Genre, Topic) values ('Recommendations', 'Fantasy', 'Movie merchandise');
insert into Forum (Section, Genre, Topic) values ('Fan Theories', 'Comedy', 'Soundtrack discussions');
insert into Forum (Section, Genre, Topic) values ('Upcoming Releases', 'Mystery', 'Spoiler discussions');
insert into Forum (Section, Genre, Topic) values ('Behind the Scenes', 'Fantasy', 'Character analysis');
insert into Forum (Section, Genre, Topic) values ('Polls', 'Action', 'Genre debates');
insert into Forum (Section, Genre, Topic) values ('Trivia', 'Mystery', 'Upcoming releases');
insert into Forum (Section, Genre, Topic) values ('Actor Discussions', 'Comedy', 'Film industry trends');
insert into Forum (Section, Genre, Topic) values ('Trivia', 'Comedy', 'Box office predictions');
insert into Forum (Section, Genre, Topic) values ('Soundtrack Discussions', 'Sci-Fi', 'Movie news updates');
insert into Forum (Section, Genre, Topic) values ('Recommendations', 'Drama', 'Soundtrack discussions');
insert into Forum (Section, Genre, Topic) values ('Trivia', 'Mystery', 'Behind-the-scenes insights');
insert into Forum (Section, Genre, Topic) values ('Movie Reviews', 'Fantasy', 'Movie reviews');
insert into Forum (Section, Genre, Topic) values ('General Discussion', 'Horror', 'Genre debates');
insert into Forum (Section, Genre, Topic) values ('Recommendations', 'Romance', 'Movie trivia');
insert into Forum (Section, Genre, Topic) values ('Movie Reviews', 'Fantasy', 'Movie-related controversies');
insert into Forum (Section, Genre, Topic) values ('Movie Reviews', 'Thriller', 'Plot theories');
insert into Forum (Section, Genre, Topic) values ('Actor Discussions', 'Comedy', 'Movie trivia');
insert into Forum (Section, Genre, Topic) values ('Soundtrack Discussions', 'Mystery', 'Movie reviews');
insert into Forum (Section, Genre, Topic) values ('Fan Theories', 'Romance', 'Movie franchise discussions');
insert into Forum (Section, Genre, Topic) values ('Fan Theories', 'Drama', 'Box office predictions');
insert into Forum (Section, Genre, Topic) values ('Trivia', 'Drama', 'Film industry trends');
insert into Forum (Section, Genre, Topic) values ('Upcoming Releases', 'Documentary', 'Genre debates');
insert into Forum (Section, Genre, Topic) values ('Actor Discussions', 'Romance', 'Remake discussions');
insert into Forum (Section, Genre, Topic) values ('Actor Discussions', 'Mystery', 'Remake discussions');
insert into Forum (Section, Genre, Topic) values ('Polls', 'Mystery', 'Character analysis');
insert into Forum (Section, Genre, Topic) values ('Trivia', 'Drama', 'Box office predictions');
insert into Forum (Section, Genre, Topic) values ('Actor Discussions', 'Comedy', 'Movie merchandise');
insert into Forum (Section, Genre, Topic) values ('Soundtrack Discussions', 'Comedy', 'Character analysis');
insert into Forum (Section, Genre, Topic) values ('Polls', 'Drama', 'Actor/actress performances');
insert into Forum (Section, Genre, Topic) values ('Movie Reviews', 'Thriller', 'Movie franchise discussions');
insert into Forum (Section, Genre, Topic) values ('General Discussion', 'Fantasy', 'Movie news updates');
insert into Forum (Section, Genre, Topic) values ('Movie Reviews', 'Horror', 'Movie recommendations');
insert into Forum (Section, Genre, Topic) values ('Actor Discussions', 'Romance', 'Movie-related memes');
insert into Forum (Section, Genre, Topic) values ('Soundtrack Discussions', 'Sci-Fi', 'Movie franchise discussions');
insert into Forum (Section, Genre, Topic) values ('Fan Theories', 'Romance', 'Favorite movie quotes');
insert into Forum (Section, Genre, Topic) values ('Fan Theories', 'Thriller', 'Genre debates');
insert into Forum (Section, Genre, Topic) values ('Upcoming Releases', 'Mystery', 'Movie merchandise');
insert into Forum (Section, Genre, Topic) values ('Movie Reviews', 'Comedy', 'Movie recommendations');
insert into Forum (Section, Genre, Topic) values ('Polls', 'Comedy', 'Favorite movie quotes');
insert into Forum (Section, Genre, Topic) values ('Fan Theories', 'Sci-Fi', 'Behind-the-scenes insights');
insert into Forum (Section, Genre, Topic) values ('Movie Reviews', 'Horror', 'Movie reviews');
insert into Forum (Section, Genre, Topic) values ('Soundtrack Discussions', 'Action', 'Movie franchise discussions');
insert into Forum (Section, Genre, Topic) values ('Trivia', 'Romance', 'Behind-the-scenes insights');
insert into Forum (Section, Genre, Topic) values ('Behind the Scenes', 'Documentary', 'Behind-the-scenes insights');
insert into Forum (Section, Genre, Topic) values ('Behind the Scenes', 'Documentary', 'Movie merchandise');
insert into Forum (Section, Genre, Topic) values ('General Discussion', 'Drama', 'Spoiler discussions');
insert into Forum (Section, Genre, Topic) values ('Polls', 'Drama', 'Soundtrack discussions');
insert into Forum (Section, Genre, Topic) values ('Polls', 'Romance', 'Soundtrack discussions');
insert into Forum (Section, Genre, Topic) values ('Fan Theories', 'Mystery', 'Movie reviews');
insert into Forum (Section, Genre, Topic) values ('Movie Reviews', 'Action', 'Film industry trends');
insert into Forum (Section, Genre, Topic) values ('Trivia', 'Horror', 'Remake discussions');
insert into Forum (Section, Genre, Topic) values ('Upcoming Releases', 'Fantasy', 'Behind-the-scenes insights');
insert into Forum (Section, Genre, Topic) values ('Trivia', 'Sci-Fi', 'Spoiler discussions');
insert into Forum (Section, Genre, Topic) values ('Soundtrack Discussions', 'Sci-Fi', 'Movie news updates');
insert into Forum (Section, Genre, Topic) values ('Upcoming Releases', 'Documentary', 'Behind-the-scenes insights');
insert into Forum (Section, Genre, Topic) values ('Fan Theories', 'Fantasy', 'Movie fan theories');
insert into Forum (Section, Genre, Topic) values ('General Discussion', 'Romance', 'Soundtrack discussions');
insert into Forum (Section, Genre, Topic) values ('Fan Theories', 'Comedy', 'Plot theories');
insert into Forum (Section, Genre, Topic) values ('Behind the Scenes', 'Comedy', 'Film industry trends');
insert into Forum (Section, Genre, Topic) values ('Actor Discussions', 'Documentary', 'Character analysis');
insert into Forum (Section, Genre, Topic) values ('Upcoming Releases', 'Thriller', 'Remake discussions');
insert into Forum (Section, Genre, Topic) values ('Polls', 'Action', 'Movie-related memes');
insert into Forum (Section, Genre, Topic) values ('Polls', 'Sci-Fi', 'Behind-the-scenes insights');
insert into Forum (Section, Genre, Topic) values ('Fan Theories', 'Fantasy', 'Favorite movie quotes');
insert into Forum (Section, Genre, Topic) values ('Movie Reviews', 'Documentary', 'Movie reviews');
insert into Forum (Section, Genre, Topic) values ('Recommendations', 'Thriller', 'Remake discussions');
insert into Forum (Section, Genre, Topic) values ('Polls', 'Sci-Fi', 'Movie reviews');
insert into Forum (Section, Genre, Topic) values ('Recommendations', 'Mystery', 'Movie franchise discussions');
insert into Forum (Section, Genre, Topic) values ('Movie Reviews', 'Horror', 'Movie franchise discussions');
insert into Forum (Section, Genre, Topic) values ('Movie Reviews', 'Fantasy', 'Film industry trends');
insert into Forum (Section, Genre, Topic) values ('Polls', 'Drama', 'Character analysis');
insert into Forum (Section, Genre, Topic) values ('Upcoming Releases', 'Horror', 'Box office predictions');
insert into Forum (Section, Genre, Topic) values ('Behind the Scenes', 'Horror', 'Movie trivia');
insert into Forum (Section, Genre, Topic) values ('Trivia', 'Sci-Fi', 'Movie fan theories');
insert into Forum (Section, Genre, Topic) values ('Actor Discussions', 'Comedy', 'Movie-related memes');
insert into Forum (Section, Genre, Topic) values ('Movie Reviews', 'Fantasy', 'Movie trivia');
insert into Forum (Section, Genre, Topic) values ('Actor Discussions', 'Sci-Fi', 'Behind-the-scenes insights');
insert into Forum (Section, Genre, Topic) values ('Trivia', 'Thriller', 'Spoiler discussions');
insert into Forum (Section, Genre, Topic) values ('Trivia', 'Sci-Fi', 'Movie merchandise');
insert into Forum (Section, Genre, Topic) values ('Trivia', 'Fantasy', 'Movie-related controversies');
insert into Forum (Section, Genre, Topic) values ('General Discussion', 'Documentary', 'Genre debates');
insert into Forum (Section, Genre, Topic) values ('Soundtrack Discussions', 'Romance', 'Movie-related memes');
insert into Forum (Section, Genre, Topic) values ('Upcoming Releases', 'Fantasy', 'Character analysis');
insert into Forum (Section, Genre, Topic) values ('Fan Theories', 'Documentary', 'Genre debates');
insert into Forum (Section, Genre, Topic) values ('Soundtrack Discussions', 'Horror', 'Upcoming releases');
insert into Forum (Section, Genre, Topic) values ('Soundtrack Discussions', 'Action', 'Spoiler discussions');
insert into Forum (Section, Genre, Topic) values ('Fan Theories', 'Drama', 'Award predictions');
insert into Forum (Section, Genre, Topic) values ('Recommendations', 'Drama', 'Award predictions');
insert into Forum (Section, Genre, Topic) values ('Actor Discussions', 'Comedy', 'Box office predictions');
insert into Forum (Section, Genre, Topic) values ('Actor Discussions', 'Fantasy', 'Movie merchandise');
insert into Forum (Section, Genre, Topic) values ('Soundtrack Discussions', 'Thriller', 'Soundtrack discussions');
insert into Forum (Section, Genre, Topic) values ('Trivia', 'Action', 'Soundtrack discussions');
insert into Forum (Section, Genre, Topic) values ('Movie Reviews', 'Action', 'Movie merchandise');
insert into Forum (Section, Genre, Topic) values ('General Discussion', 'Mystery', 'Genre debates');
insert into Forum (Section, Genre, Topic) values ('General Discussion', 'Horror', 'Favorite movie quotes');
insert into Forum (Section, Genre, Topic) values ('Trivia', 'Documentary', 'Genre debates');
insert into Forum (Section, Genre, Topic) values ('Trivia', 'Horror', 'Favorite movie quotes');
insert into Forum (Section, Genre, Topic) values ('General Discussion', 'Mystery', 'Character analysis');
insert into Forum (Section, Genre, Topic) values ('Behind the Scenes', 'Drama', 'Box office predictions');
insert into Forum (Section, Genre, Topic) values ('Movie Reviews', 'Romance', 'Box office predictions');
insert into Forum (Section, Genre, Topic) values ('Behind the Scenes', 'Fantasy', 'Movie franchise discussions');
insert into Forum (Section, Genre, Topic) values ('Movie Reviews', 'Fantasy', 'Box office predictions');
insert into Forum (Section, Genre, Topic) values ('Fan Theories', 'Action', 'Movie reviews');
insert into Forum (Section, Genre, Topic) values ('Polls', 'Documentary', 'Film industry trends');
insert into Forum (Section, Genre, Topic) values ('Actor Discussions', 'Comedy', 'Movie merchandise');
insert into Forum (Section, Genre, Topic) values ('Fan Theories', 'Fantasy', 'Behind-the-scenes insights');
insert into Forum (Section, Genre, Topic) values ('Polls', 'Documentary', 'Movie news updates');
insert into Forum (Section, Genre, Topic) values ('Behind the Scenes', 'Horror', 'Soundtrack discussions');
insert into Forum (Section, Genre, Topic) values ('Fan Theories', 'Sci-Fi', 'Spoiler discussions');
insert into Forum (Section, Genre, Topic) values ('Movie Reviews', 'Mystery', 'Plot theories');
insert into Forum (Section, Genre, Topic) values ('Actor Discussions', 'Documentary', 'Genre debates');
insert into Forum (Section, Genre, Topic) values ('Trivia', 'Mystery', 'Remake discussions');
insert into Forum (Section, Genre, Topic) values ('Trivia', 'Mystery', 'Soundtrack discussions');
insert into Forum (Section, Genre, Topic) values ('Movie Reviews', 'Documentary', 'Movie franchise discussions');
insert into Forum (Section, Genre, Topic) values ('Movie Reviews', 'Horror', 'Movie news updates');
insert into Forum (Section, Genre, Topic) values ('General Discussion', 'Thriller', 'Movie recommendations');
insert into Forum (Section, Genre, Topic) values ('Upcoming Releases', 'Thriller', 'Soundtrack discussions');
insert into Forum (Section, Genre, Topic) values ('Actor Discussions', 'Fantasy', 'Movie recommendations');
insert into Forum (Section, Genre, Topic) values ('Fan Theories', 'Action', 'Movie fan theories');
insert into Forum (Section, Genre, Topic) values ('Trivia', 'Mystery', 'Genre debates');
insert into Forum (Section, Genre, Topic) values ('Soundtrack Discussions', 'Comedy', 'Actor/actress performances');
insert into Forum (Section, Genre, Topic) values ('General Discussion', 'Horror', 'Movie franchise discussions');
insert into Forum (Section, Genre, Topic) values ('Actor Discussions', 'Sci-Fi', 'Movie recommendations');
insert into Forum (Section, Genre, Topic) values ('Soundtrack Discussions', 'Thriller', 'Genre debates');
insert into Forum (Section, Genre, Topic) values ('General Discussion', 'Mystery', 'Soundtrack discussions');
insert into Forum (Section, Genre, Topic) values ('Recommendations', 'Comedy', 'Film industry trends');
insert into Forum (Section, Genre, Topic) values ('Behind the Scenes', 'Romance', 'Actor/actress performances');
insert into Forum (Section, Genre, Topic) values ('Fan Theories', 'Documentary', 'Genre debates');
insert into Forum (Section, Genre, Topic) values ('Actor Discussions', 'Fantasy', 'Movie merchandise');
insert into Forum (Section, Genre, Topic) values ('Soundtrack Discussions', 'Romance', 'Spoiler discussions');
insert into Forum (Section, Genre, Topic) values ('Actor Discussions', 'Drama', 'Award predictions');
insert into Forum (Section, Genre, Topic) values ('Soundtrack Discussions', 'Action', 'Genre debates');
insert into Forum (Section, Genre, Topic) values ('General Discussion', 'Action', 'Movie-related memes');
insert into Forum (Section, Genre, Topic) values ('Soundtrack Discussions', 'Romance', 'Movie-related memes');
insert into Forum (Section, Genre, Topic) values ('Actor Discussions', 'Mystery', 'Movie fan theories');
insert into Forum (Section, Genre, Topic) values ('Movie Reviews', 'Comedy', 'Movie news updates');
insert into Forum (Section, Genre, Topic) values ('Upcoming Releases', 'Comedy', 'Movie franchise discussions');
insert into Forum (Section, Genre, Topic) values ('Actor Discussions', 'Mystery', 'Movie reviews');
insert into Forum (Section, Genre, Topic) values ('Upcoming Releases', 'Documentary', 'Movie fan theories');
insert into Forum (Section, Genre, Topic) values ('Recommendations', 'Documentary', 'Box office predictions');
insert into Forum (Section, Genre, Topic) values ('Polls', 'Romance', 'Character analysis');
insert into Forum (Section, Genre, Topic) values ('Trivia', 'Horror', 'Film industry trends');
insert into Forum (Section, Genre, Topic) values ('Behind the Scenes', 'Drama', 'Soundtrack discussions');
insert into Forum (Section, Genre, Topic) values ('Trivia', 'Documentary', 'Genre debates');
insert into Forum (Section, Genre, Topic) values ('Actor Discussions', 'Romance', 'Movie trivia');
insert into Forum (Section, Genre, Topic) values ('Behind the Scenes', 'Action', 'Award predictions');
insert into Forum (Section, Genre, Topic) values ('Movie Reviews', 'Drama', 'Soundtrack discussions');
insert into Forum (Section, Genre, Topic) values ('Polls', 'Mystery', 'Spoiler discussions');
insert into Forum (Section, Genre, Topic) values ('Fan Theories', 'Fantasy', 'Soundtrack discussions');
insert into Forum (Section, Genre, Topic) values ('Polls', 'Action', 'Character analysis');
insert into Forum (Section, Genre, Topic) values ('Movie Reviews', 'Comedy', 'Behind-the-scenes insights');
insert into Forum (Section, Genre, Topic) values ('Recommendations', 'Action', 'Movie news updates');
insert into Forum (Section, Genre, Topic) values ('Fan Theories', 'Comedy', 'Movie reviews');
insert into Forum (Section, Genre, Topic) values ('Movie Reviews', 'Comedy', 'Remake discussions');
insert into Forum (Section, Genre, Topic) values ('Fan Theories', 'Romance', 'Film industry trends');
insert into Forum (Section, Genre, Topic) values ('Behind the Scenes', 'Sci-Fi', 'Remake discussions');
insert into Forum (Section, Genre, Topic) values ('Upcoming Releases', 'Thriller', 'Movie reviews');
insert into Forum (Section, Genre, Topic) values ('General Discussion', 'Sci-Fi', 'Box office predictions');
insert into Forum (Section, Genre, Topic) values ('Actor Discussions', 'Thriller', 'Movie recommendations');
insert into Forum (Section, Genre, Topic) values ('General Discussion', 'Action', 'Favorite movie quotes');
insert into Forum (Section, Genre, Topic) values ('Polls', 'Drama', 'Soundtrack discussions');
insert into Forum (Section, Genre, Topic) values ('Recommendations', 'Comedy', 'Movie reviews');
insert into Forum (Section, Genre, Topic) values ('Movie Reviews', 'Documentary', 'Behind-the-scenes insights');
insert into Forum (Section, Genre, Topic) values ('Upcoming Releases', 'Thriller', 'Behind-the-scenes insights');
insert into Forum (Section, Genre, Topic) values ('Polls', 'Documentary', 'Spoiler discussions');
insert into Forum (Section, Genre, Topic) values ('Movie Reviews', 'Fantasy', 'Character analysis');
insert into Forum (Section, Genre, Topic) values ('Soundtrack Discussions', 'Fantasy', 'Movie trivia');
insert into Forum (Section, Genre, Topic) values ('Actor Discussions', 'Horror', 'Movie franchise discussions');
insert into Forum (Section, Genre, Topic) values ('Movie Reviews', 'Action', 'Movie fan theories');
insert into Forum (Section, Genre, Topic) values ('Soundtrack Discussions', 'Thriller', 'Remake discussions');
insert into Forum (Section, Genre, Topic) values ('Behind the Scenes', 'Documentary', 'Soundtrack discussions');
insert into Forum (Section, Genre, Topic) values ('Behind the Scenes', 'Horror', 'Box office predictions');
insert into Forum (Section, Genre, Topic) values ('Polls', 'Thriller', 'Remake discussions');
insert into Forum (Section, Genre, Topic) values ('Behind the Scenes', 'Drama', 'Genre debates');
insert into Forum (Section, Genre, Topic) values ('Upcoming Releases', 'Comedy', 'Favorite movie quotes');
insert into Forum (Section, Genre, Topic) values ('Movie Reviews', 'Fantasy', 'Genre debates');
insert into Forum (Section, Genre, Topic) values ('Movie Reviews', 'Comedy', 'Movie news updates');
insert into Forum (Section, Genre, Topic) values ('General Discussion', 'Fantasy', 'Movie merchandise');
insert into Forum (Section, Genre, Topic) values ('Actor Discussions', 'Horror', 'Movie-related controversies');
insert into Forum (Section, Genre, Topic) values ('Fan Theories', 'Sci-Fi', 'Plot theories');
insert into Forum (Section, Genre, Topic) values ('Fan Theories', 'Action', 'Movie franchise discussions');
insert into Forum (Section, Genre, Topic) values ('General Discussion', 'Action', 'Box office predictions');
insert into Forum (Section, Genre, Topic) values ('Polls', 'Fantasy', 'Character analysis');
insert into Forum (Section, Genre, Topic) values ('Recommendations', 'Drama', 'Movie-related memes');
insert into Forum (Section, Genre, Topic) values ('Movie Reviews', 'Horror', 'Movie franchise discussions');
insert into Forum (Section, Genre, Topic) values ('Movie Reviews', 'Thriller', 'Behind-the-scenes insights');
insert into Forum (Section, Genre, Topic) values ('Recommendations', 'Action', 'Plot theories');
insert into Forum (Section, Genre, Topic) values ('Upcoming Releases', 'Horror', 'Film industry trends');
insert into Forum (Section, Genre, Topic) values ('Movie Reviews', 'Mystery', 'Movie franchise discussions');
insert into Forum (Section, Genre, Topic) values ('Actor Discussions', 'Horror', 'Movie merchandise');
insert into Forum (Section, Genre, Topic) values ('Behind the Scenes', 'Comedy', 'Soundtrack discussions');
insert into Forum (Section, Genre, Topic) values ('Recommendations', 'Thriller', 'Movie merchandise');
insert into Forum (Section, Genre, Topic) values ('Upcoming Releases', 'Horror', 'Box office predictions');
insert into Forum (Section, Genre, Topic) values ('Polls', 'Action', 'Upcoming releases');
insert into Forum (Section, Genre, Topic) values ('Actor Discussions', 'Thriller', 'Spoiler discussions');
insert into Forum (Section, Genre, Topic) values ('Soundtrack Discussions', 'Fantasy', 'Favorite movie quotes');
insert into Forum (Section, Genre, Topic) values ('Upcoming Releases', 'Romance', 'Behind-the-scenes insights');
insert into Forum (Section, Genre, Topic) values ('Fan Theories', 'Horror', 'Movie recommendations');
insert into Forum (Section, Genre, Topic) values ('Polls', 'Fantasy', 'Box office predictions');
insert into Forum (Section, Genre, Topic) values ('Polls', 'Romance', 'Character analysis');
insert into Forum (Section, Genre, Topic) values ('Polls', 'Sci-Fi', 'Favorite movie quotes');
insert into Forum (Section, Genre, Topic) values ('Upcoming Releases', 'Drama', 'Upcoming releases');
insert into Forum (Section, Genre, Topic) values ('Recommendations', 'Sci-Fi', 'Movie news updates');
insert into Forum (Section, Genre, Topic) values ('Behind the Scenes', 'Drama', 'Behind-the-scenes insights');
insert into Forum (Section, Genre, Topic) values ('Soundtrack Discussions', 'Thriller', 'Spoiler discussions');
insert into Forum (Section, Genre, Topic) values ('Fan Theories', 'Fantasy', 'Film industry trends');
insert into Forum (Section, Genre, Topic) values ('Polls', 'Horror', 'Movie franchise discussions');
insert into Forum (Section, Genre, Topic) values ('Polls', 'Fantasy', 'Movie fan theories');
insert into Forum (Section, Genre, Topic) values ('Polls', 'Horror', 'Remake discussions');
insert into Forum (Section, Genre, Topic) values ('Recommendations', 'Horror', 'Soundtrack discussions');
insert into Forum (Section, Genre, Topic) values ('General Discussion', 'Horror', 'Favorite movie quotes');
insert into Forum (Section, Genre, Topic) values ('General Discussion', 'Action', 'Soundtrack discussions');
insert into Forum (Section, Genre, Topic) values ('Movie Reviews', 'Drama', 'Movie fan theories');
insert into Forum (Section, Genre, Topic) values ('Fan Theories', 'Sci-Fi', 'Plot theories');
insert into Forum (Section, Genre, Topic) values ('Fan Theories', 'Thriller', 'Behind-the-scenes insights');
insert into Forum (Section, Genre, Topic) values ('Soundtrack Discussions', 'Drama', 'Movie news updates');
insert into Forum (Section, Genre, Topic) values ('Polls', 'Sci-Fi', 'Spoiler discussions');
insert into Forum (Section, Genre, Topic) values ('Upcoming Releases', 'Action', 'Movie franchise discussions');
insert into Forum (Section, Genre, Topic) values ('Trivia', 'Fantasy', 'Movie merchandise');
insert into Forum (Section, Genre, Topic) values ('Fan Theories', 'Thriller', 'Movie franchise discussions');
insert into Forum (Section, Genre, Topic) values ('Polls', 'Fantasy', 'Award predictions');
insert into Forum (Section, Genre, Topic) values ('Upcoming Releases', 'Romance', 'Spoiler discussions');
insert into Forum (Section, Genre, Topic) values ('Soundtrack Discussions', 'Sci-Fi', 'Movie-related memes');
insert into Forum (Section, Genre, Topic) values ('Polls', 'Action', 'Actor/actress performances');
insert into Forum (Section, Genre, Topic) values ('Recommendations', 'Thriller', 'Genre debates');
insert into Forum (Section, Genre, Topic) values ('General Discussion', 'Mystery', 'Genre debates');
insert into Forum (Section, Genre, Topic) values ('General Discussion', 'Sci-Fi', 'Character analysis');
insert into Forum (Section, Genre, Topic) values ('Movie Reviews', 'Sci-Fi', 'Movie reviews');
insert into Forum (Section, Genre, Topic) values ('Soundtrack Discussions', 'Action', 'Character analysis');
insert into Forum (Section, Genre, Topic) values ('Behind the Scenes', 'Fantasy', 'Box office predictions');
insert into Forum (Section, Genre, Topic) values ('Movie Reviews', 'Comedy', 'Movie merchandise');
insert into Forum (Section, Genre, Topic) values ('Upcoming Releases', 'Thriller', 'Remake discussions');
insert into Forum (Section, Genre, Topic) values ('Actor Discussions', 'Romance', 'Film industry trends');
insert into Forum (Section, Genre, Topic) values ('Actor Discussions', 'Sci-Fi', 'Plot theories');
insert into Forum (Section, Genre, Topic) values ('General Discussion', 'Documentary', 'Movie merchandise');
insert into Forum (Section, Genre, Topic) values ('Polls', 'Romance', 'Soundtrack discussions');
insert into Forum (Section, Genre, Topic) values ('Soundtrack Discussions', 'Horror', 'Award predictions');
insert into Forum (Section, Genre, Topic) values ('Movie Reviews', 'Drama', 'Box office predictions');
insert into Forum (Section, Genre, Topic) values ('General Discussion', 'Fantasy', 'Movie reviews');
insert into Forum (Section, Genre, Topic) values ('Polls', 'Action', 'Character analysis');
insert into Forum (Section, Genre, Topic) values ('Recommendations', 'Romance', 'Behind-the-scenes insights');
insert into Forum (Section, Genre, Topic) values ('Movie Reviews', 'Mystery', 'Film industry trends');
insert into Forum (Section, Genre, Topic) values ('Trivia', 'Thriller', 'Movie-related controversies');
insert into Forum (Section, Genre, Topic) values ('Movie Reviews', 'Romance', 'Movie trivia');
insert into Forum (Section, Genre, Topic) values ('Fan Theories', 'Mystery', 'Movie news updates');
insert into Forum (Section, Genre, Topic) values ('Soundtrack Discussions', 'Horror', 'Movie merchandise');
insert into Forum (Section, Genre, Topic) values ('Recommendations', 'Fantasy', 'Soundtrack discussions');
insert into Forum (Section, Genre, Topic) values ('Behind the Scenes', 'Thriller', 'Remake discussions');
insert into Forum (Section, Genre, Topic) values ('Fan Theories', 'Comedy', 'Box office predictions');
insert into Forum (Section, Genre, Topic) values ('Behind the Scenes', 'Horror', 'Soundtrack discussions');
insert into Forum (Section, Genre, Topic) values ('Fan Theories', 'Fantasy', 'Genre debates');
insert into Forum (Section, Genre, Topic) values ('Trivia', 'Mystery', 'Soundtrack discussions');
insert into Forum (Section, Genre, Topic) values ('Actor Discussions', 'Romance', 'Genre debates');
insert into Forum (Section, Genre, Topic) values ('Behind the Scenes', 'Fantasy', 'Favorite movie quotes');
insert into Forum (Section, Genre, Topic) values ('Movie Reviews', 'Comedy', 'Remake discussions');
insert into Forum (Section, Genre, Topic) values ('Behind the Scenes', 'Action', 'Box office predictions');
insert into Forum (Section, Genre, Topic) values ('Behind the Scenes', 'Thriller', 'Spoiler discussions');
insert into Forum (Section, Genre, Topic) values ('General Discussion', 'Drama', 'Movie reviews');
insert into Forum (Section, Genre, Topic) values ('Behind the Scenes', 'Mystery', 'Movie franchise discussions');
insert into Forum (Section, Genre, Topic) values ('Movie Reviews', 'Action', 'Genre debates');
insert into Forum (Section, Genre, Topic) values ('Polls', 'Documentary', 'Movie-related memes');
insert into Forum (Section, Genre, Topic) values ('Behind the Scenes', 'Horror', 'Movie franchise discussions');
insert into Forum (Section, Genre, Topic) values ('General Discussion', 'Action', 'Behind-the-scenes insights');
insert into Forum (Section, Genre, Topic) values ('Polls', 'Action', 'Soundtrack discussions');
insert into Forum (Section, Genre, Topic) values ('Soundtrack Discussions', 'Horror', 'Movie fan theories');
insert into Forum (Section, Genre, Topic) values ('Behind the Scenes', 'Thriller', 'Movie trivia');
insert into Forum (Section, Genre, Topic) values ('General Discussion', 'Comedy', 'Movie recommendations');
insert into Forum (Section, Genre, Topic) values ('Recommendations', 'Horror', 'Movie-related memes');
insert into Forum (Section, Genre, Topic) values ('Soundtrack Discussions', 'Sci-Fi', 'Film industry trends');
insert into Forum (Section, Genre, Topic) values ('Upcoming Releases', 'Horror', 'Behind-the-scenes insights');
insert into Forum (Section, Genre, Topic) values ('Polls', 'Documentary', 'Genre debates');
insert into Forum (Section, Genre, Topic) values ('Movie Reviews', 'Fantasy', 'Movie reviews');
insert into Forum (Section, Genre, Topic) values ('General Discussion', 'Action', 'Movie fan theories');
insert into Forum (Section, Genre, Topic) values ('Actor Discussions', 'Drama', 'Remake discussions');
insert into Forum (Section, Genre, Topic) values ('Fan Theories', 'Thriller', 'Behind-the-scenes insights');
insert into Forum (Section, Genre, Topic) values ('Movie Reviews', 'Drama', 'Box office predictions');
insert into Forum (Section, Genre, Topic) values ('Upcoming Releases', 'Thriller', 'Behind-the-scenes insights');
insert into Forum (Section, Genre, Topic) values ('Polls', 'Comedy', 'Spoiler discussions');
insert into Forum (Section, Genre, Topic) values ('Behind the Scenes', 'Sci-Fi', 'Movie franchise discussions');
insert into Forum (Section, Genre, Topic) values ('Upcoming Releases', 'Thriller', 'Movie merchandise');
insert into Forum (Section, Genre, Topic) values ('Actor Discussions', 'Mystery', 'Favorite movie quotes');
insert into Forum (Section, Genre, Topic) values ('Polls', 'Action', 'Award predictions');
insert into Forum (Section, Genre, Topic) values ('Trivia', 'Sci-Fi', 'Genre debates');
insert into Forum (Section, Genre, Topic) values ('Behind the Scenes', 'Romance', 'Remake discussions');
insert into Forum (Section, Genre, Topic) values ('General Discussion', 'Mystery', 'Movie reviews');
insert into Forum (Section, Genre, Topic) values ('Behind the Scenes', 'Drama', 'Behind-the-scenes insights');
insert into Forum (Section, Genre, Topic) values ('General Discussion', 'Mystery', 'Movie franchise discussions');
insert into Forum (Section, Genre, Topic) values ('Recommendations', 'Action', 'Genre debates');
insert into Forum (Section, Genre, Topic) values ('Actor Discussions', 'Romance', 'Award predictions');
insert into Forum (Section, Genre, Topic) values ('Polls', 'Romance', 'Genre debates');
insert into Forum (Section, Genre, Topic) values ('Trivia', 'Thriller', 'Genre debates');
insert into Forum (Section, Genre, Topic) values ('Fan Theories', 'Mystery', 'Spoiler discussions');
insert into Forum (Section, Genre, Topic) values ('Polls', 'Horror', 'Box office predictions');
insert into Forum (Section, Genre, Topic) values ('Upcoming Releases', 'Mystery', 'Box office predictions');
insert into Forum (Section, Genre, Topic) values ('General Discussion', 'Romance', 'Character analysis');
insert into Forum (Section, Genre, Topic) values ('Movie Reviews', 'Mystery', 'Movie franchise discussions');
insert into Forum (Section, Genre, Topic) values ('Soundtrack Discussions', 'Fantasy', 'Movie fan theories');
insert into Forum (Section, Genre, Topic) values ('Actor Discussions', 'Thriller', 'Soundtrack discussions');
insert into Forum (Section, Genre, Topic) values ('Recommendations', 'Romance', 'Movie trivia');
insert into Forum (Section, Genre, Topic) values ('Polls', 'Action', 'Spoiler discussions');
insert into Forum (Section, Genre, Topic) values ('Soundtrack Discussions', 'Romance', 'Remake discussions');
insert into Forum (Section, Genre, Topic) values ('Soundtrack Discussions', 'Drama', 'Movie fan theories');
insert into Forum (Section, Genre, Topic) values ('Movie Reviews', 'Action', 'Movie franchise discussions');
insert into Forum (Section, Genre, Topic) values ('Actor Discussions', 'Comedy', 'Actor/actress performances');
insert into Forum (Section, Genre, Topic) values ('Fan Theories', 'Fantasy', 'Movie-related memes');
insert into Forum (Section, Genre, Topic) values ('Behind the Scenes', 'Action', 'Remake discussions');
insert into Forum (Section, Genre, Topic) values ('Upcoming Releases', 'Mystery', 'Movie merchandise');
insert into Forum (Section, Genre, Topic) values ('Polls', 'Sci-Fi', 'Soundtrack discussions');
insert into Forum (Section, Genre, Topic) values ('Behind the Scenes', 'Drama', 'Film industry trends');
insert into Forum (Section, Genre, Topic) values ('Movie Reviews', 'Mystery', 'Movie reviews');
insert into Forum (Section, Genre, Topic) values ('Recommendations', 'Romance', 'Movie news updates');
insert into Forum (Section, Genre, Topic) values ('Polls', 'Drama', 'Movie-related memes');
insert into Forum (Section, Genre, Topic) values ('Upcoming Releases', 'Drama', 'Soundtrack discussions');
insert into Forum (Section, Genre, Topic) values ('Fan Theories', 'Romance', 'Character analysis');
insert into Forum (Section, Genre, Topic) values ('Polls', 'Fantasy', 'Box office predictions');
insert into Forum (Section, Genre, Topic) values ('Soundtrack Discussions', 'Sci-Fi', 'Movie news updates');
insert into Forum (Section, Genre, Topic) values ('Actor Discussions', 'Mystery', 'Box office predictions');
insert into Forum (Section, Genre, Topic) values ('Soundtrack Discussions', 'Horror', 'Favorite movie quotes');
insert into Forum (Section, Genre, Topic) values ('Movie Reviews', 'Documentary', 'Genre debates');
insert into Forum (Section, Genre, Topic) values ('Movie Reviews', 'Sci-Fi', 'Character analysis');
insert into Forum (Section, Genre, Topic) values ('Behind the Scenes', 'Drama', 'Movie recommendations');
insert into Forum (Section, Genre, Topic) values ('Trivia', 'Romance', 'Plot theories');
insert into Forum (Section, Genre, Topic) values ('Polls', 'Thriller', 'Spoiler discussions');
insert into Forum (Section, Genre, Topic) values ('Fan Theories', 'Comedy', 'Soundtrack discussions');
insert into Forum (Section, Genre, Topic) values ('Upcoming Releases', 'Drama', 'Movie merchandise');
insert into Forum (Section, Genre, Topic) values ('Fan Theories', 'Drama', 'Film industry trends');
insert into Forum (Section, Genre, Topic) values ('Upcoming Releases', 'Romance', 'Movie-related controversies');
insert into Forum (Section, Genre, Topic) values ('Fan Theories', 'Drama', 'Movie merchandise');
insert into Forum (Section, Genre, Topic) values ('Trivia', 'Documentary', 'Plot theories');
insert into Forum (Section, Genre, Topic) values ('Movie Reviews', 'Mystery', 'Upcoming releases');
insert into Forum (Section, Genre, Topic) values ('Actor Discussions', 'Action', 'Film industry trends');
insert into Forum (Section, Genre, Topic) values ('Behind the Scenes', 'Mystery', 'Character analysis');
insert into Forum (Section, Genre, Topic) values ('Behind the Scenes', 'Sci-Fi', 'Behind-the-scenes insights');
insert into Forum (Section, Genre, Topic) values ('Upcoming Releases', 'Drama', 'Genre debates');
insert into Forum (Section, Genre, Topic) values ('Behind the Scenes', 'Documentary', 'Movie reviews');
insert into Forum (Section, Genre, Topic) values ('Soundtrack Discussions', 'Action', 'Movie recommendations');
insert into Forum (Section, Genre, Topic) values ('Recommendations', 'Action', 'Film industry trends');
insert into Forum (Section, Genre, Topic) values ('Recommendations', 'Comedy', 'Soundtrack discussions');
insert into Forum (Section, Genre, Topic) values ('Soundtrack Discussions', 'Action', 'Favorite movie quotes');
insert into Forum (Section, Genre, Topic) values ('Actor Discussions', 'Thriller', 'Movie-related memes');
insert into Forum (Section, Genre, Topic) values ('Movie Reviews', 'Thriller', 'Soundtrack discussions');
insert into Forum (Section, Genre, Topic) values ('Fan Theories', 'Thriller', 'Behind-the-scenes insights');
insert into Forum (Section, Genre, Topic) values ('General Discussion', 'Sci-Fi', 'Movie trivia');
insert into Forum (Section, Genre, Topic) values ('Upcoming Releases', 'Documentary', 'Movie news updates');
insert into Forum (Section, Genre, Topic) values ('Fan Theories', 'Action', 'Movie reviews');
insert into Forum (Section, Genre, Topic) values ('General Discussion', 'Comedy', 'Soundtrack discussions');
insert into Forum (Section, Genre, Topic) values ('Trivia', 'Comedy', 'Movie recommendations');
insert into Forum (Section, Genre, Topic) values ('Polls', 'Comedy', 'Movie recommendations');
insert into Forum (Section, Genre, Topic) values ('General Discussion', 'Action', 'Movie franchise discussions');
insert into Forum (Section, Genre, Topic) values ('Upcoming Releases', 'Mystery', 'Soundtrack discussions');
insert into Forum (Section, Genre, Topic) values ('General Discussion', 'Mystery', 'Box office predictions');
insert into Forum (Section, Genre, Topic) values ('Actor Discussions', 'Documentary', 'Movie-related controversies');
insert into Forum (Section, Genre, Topic) values ('Polls', 'Horror', 'Movie franchise discussions');
insert into Forum (Section, Genre, Topic) values ('Movie Reviews', 'Documentary', 'Genre debates');
insert into Forum (Section, Genre, Topic) values ('Fan Theories', 'Documentary', 'Movie fan theories');
insert into Forum (Section, Genre, Topic) values ('Actor Discussions', 'Mystery', 'Character analysis');
insert into Forum (Section, Genre, Topic) values ('Trivia', 'Sci-Fi', 'Behind-the-scenes insights');
insert into Forum (Section, Genre, Topic) values ('Polls', 'Documentary', 'Movie franchise discussions');
insert into Forum (Section, Genre, Topic) values ('Recommendations', 'Sci-Fi', 'Movie reviews');
insert into Forum (Section, Genre, Topic) values ('Movie Reviews', 'Thriller', 'Behind-the-scenes insights');
insert into Forum (Section, Genre, Topic) values ('Soundtrack Discussions', 'Action', 'Character analysis');
insert into Forum (Section, Genre, Topic) values ('Movie Reviews', 'Sci-Fi', 'Movie news updates');
insert into Forum (Section, Genre, Topic) values ('Upcoming Releases', 'Sci-Fi', 'Movie franchise discussions');
insert into Forum (Section, Genre, Topic) values ('Actor Discussions', 'Horror', 'Genre debates');
insert into Forum (Section, Genre, Topic) values ('General Discussion', 'Fantasy', 'Spoiler discussions');
insert into Forum (Section, Genre, Topic) values ('Polls', 'Fantasy', 'Movie trivia');
insert into Forum (Section, Genre, Topic) values ('Movie Reviews', 'Sci-Fi', 'Soundtrack discussions');
insert into Forum (Section, Genre, Topic) values ('Upcoming Releases', 'Drama', 'Favorite movie quotes');
insert into Forum (Section, Genre, Topic) values ('Actor Discussions', 'Action', 'Genre debates');
insert into Forum (Section, Genre, Topic) values ('Movie Reviews', 'Fantasy', 'Award predictions');
insert into Forum (Section, Genre, Topic) values ('Soundtrack Discussions', 'Sci-Fi', 'Plot theories');
insert into Forum (Section, Genre, Topic) values ('Recommendations', 'Romance', 'Film industry trends');
insert into Forum (Section, Genre, Topic) values ('General Discussion', 'Drama', 'Soundtrack discussions');
insert into Forum (Section, Genre, Topic) values ('Upcoming Releases', 'Mystery', 'Movie reviews');
insert into Forum (Section, Genre, Topic) values ('Recommendations', 'Comedy', 'Upcoming releases');
insert into Forum (Section, Genre, Topic) values ('Fan Theories', 'Fantasy', 'Plot theories');
insert into Forum (Section, Genre, Topic) values ('Polls', 'Romance', 'Box office predictions');
insert into Forum (Section, Genre, Topic) values ('Upcoming Releases', 'Documentary', 'Behind-the-scenes insights');
insert into Forum (Section, Genre, Topic) values ('Behind the Scenes', 'Action', 'Behind-the-scenes insights');
insert into Forum (Section, Genre, Topic) values ('Fan Theories', 'Romance', 'Behind-the-scenes insights');
insert into Forum (Section, Genre, Topic) values ('Movie Reviews', 'Fantasy', 'Spoiler discussions');
insert into Forum (Section, Genre, Topic) values ('Soundtrack Discussions', 'Documentary', 'Remake discussions');
insert into Forum (Section, Genre, Topic) values ('Actor Discussions', 'Thriller', 'Favorite movie quotes');
insert into Forum (Section, Genre, Topic) values ('Trivia', 'Documentary', 'Film industry trends');
insert into Forum (Section, Genre, Topic) values ('Actor Discussions', 'Action', 'Soundtrack discussions');
insert into Forum (Section, Genre, Topic) values ('Upcoming Releases', 'Documentary', 'Movie fan theories');
insert into Forum (Section, Genre, Topic) values ('Upcoming Releases', 'Mystery', 'Favorite movie quotes');
insert into Forum (Section, Genre, Topic) values ('Movie Reviews', 'Documentary', 'Genre debates');
insert into Forum (Section, Genre, Topic) values ('Movie Reviews', 'Thriller', 'Movie-related memes');
insert into Forum (Section, Genre, Topic) values ('Polls', 'Action', 'Movie news updates');
insert into Forum (Section, Genre, Topic) values ('Recommendations', 'Horror', 'Character analysis');
insert into Forum (Section, Genre, Topic) values ('General Discussion', 'Action', 'Movie reviews');
insert into Forum (Section, Genre, Topic) values ('Soundtrack Discussions', 'Mystery', 'Movie fan theories');
insert into Forum (Section, Genre, Topic) values ('Recommendations', 'Mystery', 'Movie news updates');
insert into Forum (Section, Genre, Topic) values ('Behind the Scenes', 'Action', 'Movie-related memes');
insert into Forum (Section, Genre, Topic) values ('Polls', 'Fantasy', 'Movie reviews');
insert into Forum (Section, Genre, Topic) values ('Behind the Scenes', 'Sci-Fi', 'Remake discussions');
insert into Forum (Section, Genre, Topic) values ('Soundtrack Discussions', 'Sci-Fi', 'Box office predictions');
insert into Forum (Section, Genre, Topic) values ('Behind the Scenes', 'Action', 'Soundtrack discussions');
insert into Forum (Section, Genre, Topic) values ('Upcoming Releases', 'Romance', 'Movie trivia');
insert into Forum (Section, Genre, Topic) values ('Polls', 'Fantasy', 'Actor/actress performances');
insert into Forum (Section, Genre, Topic) values ('General Discussion', 'Comedy', 'Soundtrack discussions');
insert into Forum (Section, Genre, Topic) values ('General Discussion', 'Horror', 'Movie franchise discussions');
insert into Forum (Section, Genre, Topic) values ('Actor Discussions', 'Comedy', 'Soundtrack discussions');
insert into Forum (Section, Genre, Topic) values ('Polls', 'Documentary', 'Genre debates');
insert into Forum (Section, Genre, Topic) values ('Soundtrack Discussions', 'Action', 'Remake discussions');
insert into Forum (Section, Genre, Topic) values ('Behind the Scenes', 'Romance', 'Genre debates');
insert into Forum (Section, Genre, Topic) values ('Polls', 'Fantasy', 'Movie merchandise');
insert into Forum (Section, Genre, Topic) values ('Actor Discussions', 'Drama', 'Movie-related memes');
insert into Forum (Section, Genre, Topic) values ('Movie Reviews', 'Thriller', 'Spoiler discussions');
insert into Forum (Section, Genre, Topic) values ('General Discussion', 'Fantasy', 'Film industry trends');
insert into Forum (Section, Genre, Topic) values ('Recommendations', 'Mystery', 'Character analysis');
insert into Forum (Section, Genre, Topic) values ('Actor Discussions', 'Thriller', 'Movie merchandise');
insert into Forum (Section, Genre, Topic) values ('Behind the Scenes', 'Drama', 'Remake discussions');
insert into Forum (Section, Genre, Topic) values ('Actor Discussions', 'Romance', 'Award predictions');
insert into Forum (Section, Genre, Topic) values ('Recommendations', 'Romance', 'Movie merchandise');
insert into Forum (Section, Genre, Topic) values ('Soundtrack Discussions', 'Mystery', 'Box office predictions');
insert into Forum (Section, Genre, Topic) values ('Trivia', 'Documentary', 'Spoiler discussions');
insert into Forum (Section, Genre, Topic) values ('Trivia', 'Sci-Fi', 'Movie merchandise');
insert into Forum (Section, Genre, Topic) values ('Fan Theories', 'Drama', 'Film industry trends');
insert into Forum (Section, Genre, Topic) values ('Trivia', 'Fantasy', 'Box office predictions');
insert into Forum (Section, Genre, Topic) values ('Movie Reviews', 'Comedy', 'Soundtrack discussions');
insert into Forum (Section, Genre, Topic) values ('Polls', 'Documentary', 'Box office predictions');
insert into Forum (Section, Genre, Topic) values ('Trivia', 'Horror', 'Genre debates');
insert into Forum (Section, Genre, Topic) values ('Polls', 'Horror', 'Movie news updates');
insert into Forum (Section, Genre, Topic) values ('Polls', 'Fantasy', 'Character analysis');
insert into Forum (Section, Genre, Topic) values ('Polls', 'Action', 'Spoiler discussions');
insert into Forum (Section, Genre, Topic) values ('Soundtrack Discussions', 'Comedy', 'Plot theories');
insert into Forum (Section, Genre, Topic) values ('General Discussion', 'Fantasy', 'Behind-the-scenes insights');
insert into Forum (Section, Genre, Topic) values ('Movie Reviews', 'Documentary', 'Movie fan theories');
insert into Forum (Section, Genre, Topic) values ('Soundtrack Discussions', 'Mystery', 'Movie franchise discussions');
insert into Forum (Section, Genre, Topic) values ('Movie Reviews', 'Mystery', 'Remake discussions');
insert into Forum (Section, Genre, Topic) values ('Behind the Scenes', 'Action', 'Movie news updates');
insert into Forum (Section, Genre, Topic) values ('Behind the Scenes', 'Mystery', 'Genre debates');
insert into Forum (Section, Genre, Topic) values ('Soundtrack Discussions', 'Thriller', 'Movie-related memes');
insert into Forum (Section, Genre, Topic) values ('Polls', 'Horror', 'Genre debates');
insert into Forum (Section, Genre, Topic) values ('Actor Discussions', 'Mystery', 'Movie franchise discussions');
insert into Forum (Section, Genre, Topic) values ('Trivia', 'Fantasy', 'Award predictions');
insert into Forum (Section, Genre, Topic) values ('Recommendations', 'Mystery', 'Remake discussions');
insert into Forum (Section, Genre, Topic) values ('Trivia', 'Sci-Fi', 'Behind-the-scenes insights');
insert into Forum (Section, Genre, Topic) values ('Movie Reviews', 'Romance', 'Film industry trends');
insert into Forum (Section, Genre, Topic) values ('Polls', 'Thriller', 'Spoiler discussions');
insert into Forum (Section, Genre, Topic) values ('Trivia', 'Thriller', 'Plot theories');
insert into Forum (Section, Genre, Topic) values ('Upcoming Releases', 'Action', 'Movie-related memes');
insert into Forum (Section, Genre, Topic) values ('Behind the Scenes', 'Documentary', 'Movie merchandise');
insert into Forum (Section, Genre, Topic) values ('Recommendations', 'Drama', 'Movie fan theories');
insert into Forum (Section, Genre, Topic) values ('Upcoming Releases', 'Mystery', 'Movie reviews');
insert into Forum (Section, Genre, Topic) values ('Polls', 'Horror', 'Genre debates');
insert into Forum (Section, Genre, Topic) values ('Behind the Scenes', 'Action', 'Movie franchise discussions');
insert into Forum (Section, Genre, Topic) values ('Trivia', 'Romance', 'Favorite movie quotes');
insert into Forum (Section, Genre, Topic) values ('Polls', 'Horror', 'Movie reviews');
insert into Forum (Section, Genre, Topic) values ('Fan Theories', 'Drama', 'Movie-related memes');
insert into Forum (Section, Genre, Topic) values ('Behind the Scenes', 'Fantasy', 'Film industry trends');
insert into Forum (Section, Genre, Topic) values ('Actor Discussions', 'Action', 'Movie trivia');
insert into Forum (Section, Genre, Topic) values ('Trivia', 'Action', 'Movie franchise discussions');
insert into Forum (Section, Genre, Topic) values ('Polls', 'Drama', 'Soundtrack discussions');
insert into Forum (Section, Genre, Topic) values ('General Discussion', 'Romance', 'Character analysis');
insert into Forum (Section, Genre, Topic) values ('Movie Reviews', 'Comedy', 'Soundtrack discussions');
insert into Forum (Section, Genre, Topic) values ('Fan Theories', 'Drama', 'Spoiler discussions');
insert into Forum (Section, Genre, Topic) values ('Fan Theories', 'Romance', 'Remake discussions');
insert into Forum (Section, Genre, Topic) values ('Recommendations', 'Thriller', 'Favorite movie quotes');
insert into Forum (Section, Genre, Topic) values ('Behind the Scenes', 'Horror', 'Movie reviews');
insert into Forum (Section, Genre, Topic) values ('Behind the Scenes', 'Mystery', 'Movie-related controversies');
insert into Forum (Section, Genre, Topic) values ('Fan Theories', 'Sci-Fi', 'Upcoming releases');
insert into Forum (Section, Genre, Topic) values ('Fan Theories', 'Drama', 'Box office predictions');
insert into Forum (Section, Genre, Topic) values ('Upcoming Releases', 'Documentary', 'Film industry trends');
insert into Forum (Section, Genre, Topic) values ('Polls', 'Drama', 'Soundtrack discussions');
insert into Forum (Section, Genre, Topic) values ('Soundtrack Discussions', 'Drama', 'Award predictions');
insert into Forum (Section, Genre, Topic) values ('Movie Reviews', 'Comedy', 'Character analysis');
insert into Forum (Section, Genre, Topic) values ('Trivia', 'Mystery', 'Movie reviews');
insert into Forum (Section, Genre, Topic) values ('Movie Reviews', 'Romance', 'Remake discussions');
insert into Forum (Section, Genre, Topic) values ('Actor Discussions', 'Romance', 'Genre debates');
insert into Forum (Section, Genre, Topic) values ('Trivia', 'Documentary', 'Soundtrack discussions');
insert into Forum (Section, Genre, Topic) values ('Soundtrack Discussions', 'Documentary', 'Behind-the-scenes insights');
insert into Forum (Section, Genre, Topic) values ('Recommendations', 'Thriller', 'Movie recommendations');
insert into Forum (Section, Genre, Topic) values ('Trivia', 'Romance', 'Character analysis');
insert into Forum (Section, Genre, Topic) values ('Fan Theories', 'Sci-Fi', 'Behind-the-scenes insights');
insert into Forum (Section, Genre, Topic) values ('Soundtrack Discussions', 'Horror', 'Movie trivia');
insert into Forum (Section, Genre, Topic) values ('Trivia', 'Documentary', 'Film industry trends');
insert into Forum (Section, Genre, Topic) values ('Movie Reviews', 'Thriller', 'Spoiler discussions');
insert into Forum (Section, Genre, Topic) values ('Polls', 'Horror', 'Soundtrack discussions');
insert into Forum (Section, Genre, Topic) values ('Polls', 'Thriller', 'Box office predictions');
insert into Forum (Section, Genre, Topic) values ('Actor Discussions', 'Comedy', 'Movie merchandise');
insert into Forum (Section, Genre, Topic) values ('Behind the Scenes', 'Action', 'Box office predictions');
insert into Forum (Section, Genre, Topic) values ('Movie Reviews', 'Action', 'Movie recommendations');
insert into Forum (Section, Genre, Topic) values ('Movie Reviews', 'Romance', 'Movie merchandise');
insert into Forum (Section, Genre, Topic) values ('Movie Reviews', 'Comedy', 'Box office predictions');
insert into Forum (Section, Genre, Topic) values ('Soundtrack Discussions', 'Comedy', 'Movie fan theories');
insert into Forum (Section, Genre, Topic) values ('Movie Reviews', 'Romance', 'Movie franchise discussions');
insert into Forum (Section, Genre, Topic) values ('Movie Reviews', 'Comedy', 'Genre debates');
insert into Forum (Section, Genre, Topic) values ('Actor Discussions', 'Drama', 'Behind-the-scenes insights');
insert into Forum (Section, Genre, Topic) values ('Recommendations', 'Comedy', 'Soundtrack discussions');
insert into Forum (Section, Genre, Topic) values ('Behind the Scenes', 'Sci-Fi', 'Actor/actress performances');
insert into Forum (Section, Genre, Topic) values ('Trivia', 'Documentary', 'Movie news updates');
insert into Forum (Section, Genre, Topic) values ('Fan Theories', 'Thriller', 'Favorite movie quotes');
insert into Forum (Section, Genre, Topic) values ('Actor Discussions', 'Drama', 'Movie merchandise');
insert into Forum (Section, Genre, Topic) values ('Trivia', 'Drama', 'Movie fan theories');
insert into Forum (Section, Genre, Topic) values ('Fan Theories', 'Action', 'Film industry trends');
insert into Forum (Section, Genre, Topic) values ('Polls', 'Thriller', 'Movie news updates');
insert into Forum (Section, Genre, Topic) values ('Behind the Scenes', 'Action', 'Behind-the-scenes insights');
insert into Forum (Section, Genre, Topic) values ('Upcoming Releases', 'Fantasy', 'Movie franchise discussions');
insert into Forum (Section, Genre, Topic) values ('General Discussion', 'Sci-Fi', 'Genre debates');
insert into Forum (Section, Genre, Topic) values ('Actor Discussions', 'Action', 'Movie franchise discussions');
insert into Forum (Section, Genre, Topic) values ('Upcoming Releases', 'Sci-Fi', 'Film industry trends');
insert into Forum (Section, Genre, Topic) values ('Soundtrack Discussions', 'Comedy', 'Movie franchise discussions');
insert into Forum (Section, Genre, Topic) values ('Upcoming Releases', 'Documentary', 'Movie trivia');
insert into Forum (Section, Genre, Topic) values ('Polls', 'Action', 'Film industry trends');
insert into Forum (Section, Genre, Topic) values ('Movie Reviews', 'Fantasy', 'Movie reviews');
insert into Forum (Section, Genre, Topic) values ('Fan Theories', 'Mystery', 'Actor/actress performances');
insert into Forum (Section, Genre, Topic) values ('Recommendations', 'Romance', 'Remake discussions');
insert into Forum (Section, Genre, Topic) values ('Movie Reviews', 'Sci-Fi', 'Movie-related memes');
insert into Forum (Section, Genre, Topic) values ('Movie Reviews', 'Mystery', 'Movie-related controversies');
insert into Forum (Section, Genre, Topic) values ('Upcoming Releases', 'Comedy', 'Movie-related memes');
insert into Forum (Section, Genre, Topic) values ('Movie Reviews', 'Romance', 'Behind-the-scenes insights');
insert into Forum (Section, Genre, Topic) values ('Polls', 'Thriller', 'Soundtrack discussions');
insert into Forum (Section, Genre, Topic) values ('Trivia', 'Comedy', 'Box office predictions');
insert into Forum (Section, Genre, Topic) values ('Soundtrack Discussions', 'Documentary', 'Movie merchandise');
insert into Forum (Section, Genre, Topic) values ('Behind the Scenes', 'Fantasy', 'Soundtrack discussions');
insert into Forum (Section, Genre, Topic) values ('Actor Discussions', 'Sci-Fi', 'Character analysis');
insert into Forum (Section, Genre, Topic) values ('Trivia', 'Drama', 'Movie fan theories');
insert into Forum (Section, Genre, Topic) values ('Behind the Scenes', 'Fantasy', 'Spoiler discussions');
insert into Forum (Section, Genre, Topic) values ('Polls', 'Action', 'Genre debates');
insert into Forum (Section, Genre, Topic) values ('Polls', 'Thriller', 'Film industry trends');
insert into Forum (Section, Genre, Topic) values ('Polls', 'Comedy', 'Movie franchise discussions');
insert into Forum (Section, Genre, Topic) values ('General Discussion', 'Horror', 'Award predictions');
insert into Forum (Section, Genre, Topic) values ('Trivia', 'Action', 'Movie fan theories');
insert into Forum (Section, Genre, Topic) values ('Fan Theories', 'Fantasy', 'Genre debates');
insert into Forum (Section, Genre, Topic) values ('Upcoming Releases', 'Thriller', 'Behind-the-scenes insights');
insert into Forum (Section, Genre, Topic) values ('Soundtrack Discussions', 'Documentary', 'Movie trivia');
insert into Forum (Section, Genre, Topic) values ('Recommendations', 'Horror', 'Genre debates');
insert into Forum (Section, Genre, Topic) values ('Soundtrack Discussions', 'Thriller', 'Movie reviews');
insert into Forum (Section, Genre, Topic) values ('Upcoming Releases', 'Fantasy', 'Character analysis');
insert into Forum (Section, Genre, Topic) values ('Recommendations', 'Mystery', 'Genre debates');
insert into Forum (Section, Genre, Topic) values ('Fan Theories', 'Romance', 'Movie merchandise');
insert into Forum (Section, Genre, Topic) values ('Movie Reviews', 'Horror', 'Plot theories');
insert into Forum (Section, Genre, Topic) values ('General Discussion', 'Fantasy', 'Movie merchandise');
insert into Forum (Section, Genre, Topic) values ('Behind the Scenes', 'Romance', 'Soundtrack discussions');
insert into Forum (Section, Genre, Topic) values ('Upcoming Releases', 'Documentary', 'Movie franchise discussions');
insert into Forum (Section, Genre, Topic) values ('Recommendations', 'Mystery', 'Movie reviews');
insert into Forum (Section, Genre, Topic) values ('Recommendations', 'Action', 'Box office predictions');
insert into Forum (Section, Genre, Topic) values ('Soundtrack Discussions', 'Fantasy', 'Favorite movie quotes');
insert into Forum (Section, Genre, Topic) values ('Soundtrack Discussions', 'Horror', 'Genre debates');
insert into Forum (Section, Genre, Topic) values ('Movie Reviews', 'Mystery', 'Movie merchandise');
insert into Forum (Section, Genre, Topic) values ('Behind the Scenes', 'Thriller', 'Movie news updates');
insert into Forum (Section, Genre, Topic) values ('Fan Theories', 'Fantasy', 'Spoiler discussions');
insert into Forum (Section, Genre, Topic) values ('General Discussion', 'Action', 'Spoiler discussions');
insert into Forum (Section, Genre, Topic) values ('Upcoming Releases', 'Documentary', 'Movie recommendations');
insert into Forum (Section, Genre, Topic) values ('Movie Reviews', 'Documentary', 'Favorite movie quotes');
insert into Forum (Section, Genre, Topic) values ('Actor Discussions', 'Romance', 'Upcoming releases');
insert into Forum (Section, Genre, Topic) values ('Trivia', 'Thriller', 'Movie news updates');
insert into Forum (Section, Genre, Topic) values ('Recommendations', 'Fantasy', 'Favorite movie quotes');
insert into Forum (Section, Genre, Topic) values ('Soundtrack Discussions', 'Romance', 'Character analysis');
insert into Forum (Section, Genre, Topic) values ('Upcoming Releases', 'Sci-Fi', 'Remake discussions');
insert into Forum (Section, Genre, Topic) values ('Actor Discussions', 'Drama', 'Behind-the-scenes insights');
insert into Forum (Section, Genre, Topic) values ('Recommendations', 'Fantasy', 'Plot theories');
insert into Forum (Section, Genre, Topic) values ('Upcoming Releases', 'Fantasy', 'Box office predictions');
insert into Forum (Section, Genre, Topic) values ('Actor Discussions', 'Mystery', 'Spoiler discussions');
insert into Forum (Section, Genre, Topic) values ('Recommendations', 'Thriller', 'Character analysis');
insert into Forum (Section, Genre, Topic) values ('Polls', 'Action', 'Remake discussions');
insert into Forum (Section, Genre, Topic) values ('Upcoming Releases', 'Action', 'Box office predictions');
insert into Forum (Section, Genre, Topic) values ('Fan Theories', 'Mystery', 'Soundtrack discussions');
insert into Forum (Section, Genre, Topic) values ('Trivia', 'Comedy', 'Remake discussions');
insert into Forum (Section, Genre, Topic) values ('Behind the Scenes', 'Drama', 'Movie recommendations');
insert into Forum (Section, Genre, Topic) values ('Upcoming Releases', 'Fantasy', 'Movie-related memes');
insert into Forum (Section, Genre, Topic) values ('Movie Reviews', 'Romance', 'Soundtrack discussions');
insert into Forum (Section, Genre, Topic) values ('Soundtrack Discussions', 'Romance', 'Soundtrack discussions');
insert into Forum (Section, Genre, Topic) values ('Behind the Scenes', 'Fantasy', 'Behind-the-scenes insights');
insert into Forum (Section, Genre, Topic) values ('Actor Discussions', 'Drama', 'Award predictions');
insert into Forum (Section, Genre, Topic) values ('Recommendations', 'Sci-Fi', 'Soundtrack discussions');
insert into Forum (Section, Genre, Topic) values ('Polls', 'Romance', 'Movie reviews');
insert into Forum (Section, Genre, Topic) values ('Actor Discussions', 'Sci-Fi', 'Box office predictions');
insert into Forum (Section, Genre, Topic) values ('Behind the Scenes', 'Sci-Fi', 'Award predictions');
insert into Forum (Section, Genre, Topic) values ('Actor Discussions', 'Thriller', 'Soundtrack discussions');
insert into Forum (Section, Genre, Topic) values ('Movie Reviews', 'Thriller', 'Soundtrack discussions');
insert into Forum (Section, Genre, Topic) values ('General Discussion', 'Thriller', 'Character analysis');
insert into Forum (Section, Genre, Topic) values ('Recommendations', 'Documentary', 'Movie-related controversies');
insert into Forum (Section, Genre, Topic) values ('Recommendations', 'Action', 'Movie merchandise');
insert into Forum (Section, Genre, Topic) values ('Upcoming Releases', 'Action', 'Movie reviews');
insert into Forum (Section, Genre, Topic) values ('Polls', 'Mystery', 'Genre debates');
insert into Forum (Section, Genre, Topic) values ('General Discussion', 'Romance', 'Movie news updates');
insert into Forum (Section, Genre, Topic) values ('Fan Theories', 'Action', 'Box office predictions');
insert into Forum (Section, Genre, Topic) values ('Fan Theories', 'Comedy', 'Soundtrack discussions');
insert into Forum (Section, Genre, Topic) values ('Soundtrack Discussions', 'Comedy', 'Character analysis');
insert into Forum (Section, Genre, Topic) values ('Upcoming Releases', 'Action', 'Movie franchise discussions');
insert into Forum (Section, Genre, Topic) values ('Trivia', 'Fantasy', 'Movie news updates');
insert into Forum (Section, Genre, Topic) values ('Fan Theories', 'Comedy', 'Movie recommendations');
insert into Forum (Section, Genre, Topic) values ('Fan Theories', 'Comedy', 'Spoiler discussions');
insert into Forum (Section, Genre, Topic) values ('Behind the Scenes', 'Action', 'Movie merchandise');
insert into Forum (Section, Genre, Topic) values ('Behind the Scenes', 'Horror', 'Genre debates');
insert into Forum (Section, Genre, Topic) values ('Upcoming Releases', 'Documentary', 'Movie reviews');
insert into Forum (Section, Genre, Topic) values ('Actor Discussions', 'Horror', 'Soundtrack discussions');
insert into Forum (Section, Genre, Topic) values ('Trivia', 'Mystery', 'Plot theories');
insert into Forum (Section, Genre, Topic) values ('Recommendations', 'Horror', 'Movie-related memes');
insert into Forum (Section, Genre, Topic) values ('Soundtrack Discussions', 'Documentary', 'Movie reviews');
insert into Forum (Section, Genre, Topic) values ('General Discussion', 'Horror', 'Movie trivia');
insert into Forum (Section, Genre, Topic) values ('Fan Theories', 'Mystery', 'Actor/actress performances');
insert into Forum (Section, Genre, Topic) values ('General Discussion', 'Drama', 'Behind-the-scenes insights');
insert into Forum (Section, Genre, Topic) values ('Behind the Scenes', 'Sci-Fi', 'Plot theories');
insert into Forum (Section, Genre, Topic) values ('Movie Reviews', 'Thriller', 'Movie trivia');
insert into Forum (Section, Genre, Topic) values ('Upcoming Releases', 'Action', 'Award predictions');
insert into Forum (Section, Genre, Topic) values ('General Discussion', 'Mystery', 'Soundtrack discussions');
insert into Forum (Section, Genre, Topic) values ('Recommendations', 'Fantasy', 'Box office predictions');
insert into Forum (Section, Genre, Topic) values ('Recommendations', 'Mystery', 'Remake discussions');
insert into Forum (Section, Genre, Topic) values ('Actor Discussions', 'Thriller', 'Genre debates');
insert into Forum (Section, Genre, Topic) values ('Behind the Scenes', 'Action', 'Film industry trends');
insert into Forum (Section, Genre, Topic) values ('Behind the Scenes', 'Drama', 'Movie fan theories');
insert into Forum (Section, Genre, Topic) values ('Recommendations', 'Horror', 'Box office predictions');
insert into Forum (Section, Genre, Topic) values ('Soundtrack Discussions', 'Documentary', 'Film industry trends');
insert into Forum (Section, Genre, Topic) values ('Movie Reviews', 'Drama', 'Spoiler discussions');
insert into Forum (Section, Genre, Topic) values ('Trivia', 'Mystery', 'Behind-the-scenes insights');
insert into Forum (Section, Genre, Topic) values ('Fan Theories', 'Fantasy', 'Movie franchise discussions');
insert into Forum (Section, Genre, Topic) values ('Soundtrack Discussions', 'Thriller', 'Favorite movie quotes');
insert into Forum (Section, Genre, Topic) values ('Actor Discussions', 'Mystery', 'Favorite movie quotes');
insert into Forum (Section, Genre, Topic) values ('Fan Theories', 'Documentary', 'Behind-the-scenes insights');
insert into Forum (Section, Genre, Topic) values ('Movie Reviews', 'Fantasy', 'Genre debates');
insert into Forum (Section, Genre, Topic) values ('Soundtrack Discussions', 'Documentary', 'Soundtrack discussions');
insert into Forum (Section, Genre, Topic) values ('Trivia', 'Horror', 'Remake discussions');
insert into Forum (Section, Genre, Topic) values ('Behind the Scenes', 'Thriller', 'Movie reviews');
insert into Forum (Section, Genre, Topic) values ('General Discussion', 'Documentary', 'Movie recommendations');
insert into Forum (Section, Genre, Topic) values ('Fan Theories', 'Mystery', 'Movie franchise discussions');
insert into Forum (Section, Genre, Topic) values ('Polls', 'Horror', 'Movie merchandise');
insert into Forum (Section, Genre, Topic) values ('Actor Discussions', 'Documentary', 'Behind-the-scenes insights');
insert into Forum (Section, Genre, Topic) values ('Actor Discussions', 'Romance', 'Spoiler discussions');
insert into Forum (Section, Genre, Topic) values ('Polls', 'Fantasy', 'Movie franchise discussions');
insert into Forum (Section, Genre, Topic) values ('Recommendations', 'Romance', 'Character analysis');
insert into Forum (Section, Genre, Topic) values ('General Discussion', 'Horror', 'Movie-related memes');
insert into Forum (Section, Genre, Topic) values ('Recommendations', 'Documentary', 'Movie franchise discussions');
insert into Forum (Section, Genre, Topic) values ('Trivia', 'Mystery', 'Movie fan theories');
insert into Forum (Section, Genre, Topic) values ('Fan Theories', 'Action', 'Character analysis');
insert into Forum (Section, Genre, Topic) values ('General Discussion', 'Sci-Fi', 'Remake discussions');
insert into Forum (Section, Genre, Topic) values ('Trivia', 'Fantasy', 'Upcoming releases');
insert into Forum (Section, Genre, Topic) values ('Fan Theories', 'Sci-Fi', 'Soundtrack discussions');
insert into Forum (Section, Genre, Topic) values ('Fan Theories', 'Drama', 'Spoiler discussions');
insert into Forum (Section, Genre, Topic) values ('Soundtrack Discussions', 'Documentary', 'Movie news updates');
insert into Forum (Section, Genre, Topic) values ('Behind the Scenes', 'Romance', 'Movie merchandise');
insert into Forum (Section, Genre, Topic) values ('General Discussion', 'Sci-Fi', 'Box office predictions');
insert into Forum (Section, Genre, Topic) values ('Movie Reviews', 'Drama', 'Behind-the-scenes insights');
insert into Forum (Section, Genre, Topic) values ('Behind the Scenes', 'Horror', 'Box office predictions');
insert into Forum (Section, Genre, Topic) values ('Polls', 'Drama', 'Remake discussions');
insert into Forum (Section, Genre, Topic) values ('Soundtrack Discussions', 'Horror', 'Movie fan theories');
insert into Forum (Section, Genre, Topic) values ('Actor Discussions', 'Documentary', 'Movie-related memes');
insert into Forum (Section, Genre, Topic) values ('Soundtrack Discussions', 'Horror', 'Genre debates');
insert into Forum (Section, Genre, Topic) values ('Fan Theories', 'Sci-Fi', 'Genre debates');
insert into Forum (Section, Genre, Topic) values ('Soundtrack Discussions', 'Mystery', 'Film industry trends');
insert into Forum (Section, Genre, Topic) values ('Soundtrack Discussions', 'Drama', 'Favorite movie quotes');
insert into Forum (Section, Genre, Topic) values ('Trivia', 'Action', 'Film industry trends');
insert into Forum (Section, Genre, Topic) values ('Recommendations', 'Thriller', 'Movie news updates');
insert into Forum (Section, Genre, Topic) values ('Fan Theories', 'Drama', 'Remake discussions');
insert into Forum (Section, Genre, Topic) values ('Actor Discussions', 'Documentary', 'Soundtrack discussions');
insert into Forum (Section, Genre, Topic) values ('Actor Discussions', 'Sci-Fi', 'Genre debates');
insert into Forum (Section, Genre, Topic) values ('Movie Reviews', 'Thriller', 'Spoiler discussions');
insert into Forum (Section, Genre, Topic) values ('General Discussion', 'Sci-Fi', 'Spoiler discussions');
insert into Forum (Section, Genre, Topic) values ('Trivia', 'Sci-Fi', 'Plot theories');
insert into Forum (Section, Genre, Topic) values ('Trivia', 'Horror', 'Behind-the-scenes insights');
insert into Forum (Section, Genre, Topic) values ('Movie Reviews', 'Fantasy', 'Plot theories');
insert into Forum (Section, Genre, Topic) values ('Recommendations', 'Comedy', 'Soundtrack discussions');
insert into Forum (Section, Genre, Topic) values ('General Discussion', 'Thriller', 'Favorite movie quotes');
insert into Forum (Section, Genre, Topic) values ('Recommendations', 'Horror', 'Movie merchandise');
insert into Forum (Section, Genre, Topic) values ('Soundtrack Discussions', 'Sci-Fi', 'Genre debates');
insert into Forum (Section, Genre, Topic) values ('Soundtrack Discussions', 'Thriller', 'Character analysis');
insert into Forum (Section, Genre, Topic) values ('Fan Theories', 'Sci-Fi', 'Behind-the-scenes insights');
insert into Forum (Section, Genre, Topic) values ('Polls', 'Fantasy', 'Movie merchandise');
insert into Forum (Section, Genre, Topic) values ('General Discussion', 'Fantasy', 'Movie trivia');
insert into Forum (Section, Genre, Topic) values ('Movie Reviews', 'Horror', 'Favorite movie quotes');
insert into Forum (Section, Genre, Topic) values ('Trivia', 'Romance', 'Spoiler discussions');
insert into Forum (Section, Genre, Topic) values ('Actor Discussions', 'Romance', 'Movie fan theories');
insert into Forum (Section, Genre, Topic) values ('Polls', 'Action', 'Soundtrack discussions');
insert into Forum (Section, Genre, Topic) values ('Trivia', 'Sci-Fi', 'Award predictions');
insert into Forum (Section, Genre, Topic) values ('Recommendations', 'Mystery', 'Box office predictions');
insert into Forum (Section, Genre, Topic) values ('Trivia', 'Sci-Fi', 'Movie franchise discussions');
insert into Forum (Section, Genre, Topic) values ('Behind the Scenes', 'Action', 'Soundtrack discussions');
insert into Forum (Section, Genre, Topic) values ('Behind the Scenes', 'Horror', 'Movie fan theories');
insert into Forum (Section, Genre, Topic) values ('Polls', 'Romance', 'Genre debates');
insert into Forum (Section, Genre, Topic) values ('Behind the Scenes', 'Mystery', 'Movie-related memes');
insert into Forum (Section, Genre, Topic) values ('Polls', 'Documentary', 'Movie merchandise');
insert into Forum (Section, Genre, Topic) values ('Movie Reviews', 'Romance', 'Behind-the-scenes insights');
insert into Forum (Section, Genre, Topic) values ('Polls', 'Comedy', 'Spoiler discussions');
insert into Forum (Section, Genre, Topic) values ('Upcoming Releases', 'Fantasy', 'Movie-related memes');
insert into Forum (Section, Genre, Topic) values ('Fan Theories', 'Comedy', 'Movie reviews');
insert into Forum (Section, Genre, Topic) values ('Trivia', 'Drama', 'Character analysis');
insert into Forum (Section, Genre, Topic) values ('Actor Discussions', 'Action', 'Movie trivia');
insert into Forum (Section, Genre, Topic) values ('Trivia', 'Fantasy', 'Movie merchandise');
insert into Forum (Section, Genre, Topic) values ('Recommendations', 'Romance', 'Award predictions');
insert into Forum (Section, Genre, Topic) values ('Actor Discussions', 'Drama', 'Box office predictions');
insert into Forum (Section, Genre, Topic) values ('Actor Discussions', 'Documentary', 'Movie-related controversies');
insert into Forum (Section, Genre, Topic) values ('Movie Reviews', 'Drama', 'Soundtrack discussions');
insert into Forum (Section, Genre, Topic) values ('Recommendations', 'Documentary', 'Movie franchise discussions');
insert into Forum (Section, Genre, Topic) values ('Upcoming Releases', 'Horror', 'Box office predictions');
insert into Forum (Section, Genre, Topic) values ('Movie Reviews', 'Thriller', 'Behind-the-scenes insights');
insert into Forum (Section, Genre, Topic) values ('Recommendations', 'Mystery', 'Movie-related memes');
insert into Forum (Section, Genre, Topic) values ('Upcoming Releases', 'Romance', 'Movie reviews');
insert into Forum (Section, Genre, Topic) values ('Upcoming Releases', 'Mystery', 'Movie fan theories');
insert into Forum (Section, Genre, Topic) values ('Recommendations', 'Drama', 'Movie news updates');
insert into Forum (Section, Genre, Topic) values ('Polls', 'Fantasy', 'Behind-the-scenes insights');
insert into Forum (Section, Genre, Topic) values ('Actor Discussions', 'Mystery', 'Soundtrack discussions');
insert into Forum (Section, Genre, Topic) values ('Fan Theories', 'Romance', 'Remake discussions');
insert into Forum (Section, Genre, Topic) values ('Movie Reviews', 'Documentary', 'Remake discussions');
insert into Forum (Section, Genre, Topic) values ('Fan Theories', 'Documentary', 'Film industry trends');
insert into Forum (Section, Genre, Topic) values ('Fan Theories', 'Romance', 'Movie reviews');
insert into Forum (Section, Genre, Topic) values ('Fan Theories', 'Sci-Fi', 'Movie franchise discussions');
insert into Forum (Section, Genre, Topic) values ('Fan Theories', 'Horror', 'Film industry trends');
insert into Forum (Section, Genre, Topic) values ('Actor Discussions', 'Documentary', 'Genre debates');
insert into Forum (Section, Genre, Topic) values ('Movie Reviews', 'Mystery', 'Genre debates');
insert into Forum (Section, Genre, Topic) values ('Fan Theories', 'Documentary', 'Upcoming releases');
insert into Forum (Section, Genre, Topic) values ('Behind the Scenes', 'Sci-Fi', 'Film industry trends');
insert into Forum (Section, Genre, Topic) values ('General Discussion', 'Documentary', 'Movie franchise discussions');
insert into Forum (Section, Genre, Topic) values ('Upcoming Releases', 'Romance', 'Character analysis');
insert into Forum (Section, Genre, Topic) values ('Fan Theories', 'Romance', 'Movie news updates');
insert into Forum (Section, Genre, Topic) values ('Movie Reviews', 'Thriller', 'Soundtrack discussions');
insert into Forum (Section, Genre, Topic) values ('Upcoming Releases', 'Sci-Fi', 'Character analysis');
insert into Forum (Section, Genre, Topic) values ('Polls', 'Fantasy', 'Remake discussions');
insert into Forum (Section, Genre, Topic) values ('General Discussion', 'Drama', 'Actor/actress performances');
insert into Forum (Section, Genre, Topic) values ('Upcoming Releases', 'Drama', 'Movie recommendations');
insert into Forum (Section, Genre, Topic) values ('Upcoming Releases', 'Action', 'Favorite movie quotes');
insert into Forum (Section, Genre, Topic) values ('Movie Reviews', 'Sci-Fi', 'Film industry trends');
insert into Forum (Section, Genre, Topic) values ('Upcoming Releases', 'Horror', 'Movie recommendations');
insert into Forum (Section, Genre, Topic) values ('General Discussion', 'Documentary', 'Movie franchise discussions');
insert into Forum (Section, Genre, Topic) values ('Recommendations', 'Documentary', 'Genre debates');
insert into Forum (Section, Genre, Topic) values ('Actor Discussions', 'Romance', 'Box office predictions');
insert into Forum (Section, Genre, Topic) values ('Movie Reviews', 'Mystery', 'Box office predictions');
insert into Forum (Section, Genre, Topic) values ('General Discussion', 'Thriller', 'Movie reviews');
insert into Forum (Section, Genre, Topic) values ('Trivia', 'Drama', 'Film industry trends');
insert into Forum (Section, Genre, Topic) values ('Movie Reviews', 'Comedy', 'Film industry trends');
insert into Forum (Section, Genre, Topic) values ('Upcoming Releases', 'Documentary', 'Movie recommendations');
insert into Forum (Section, Genre, Topic) values ('General Discussion', 'Horror', 'Favorite movie quotes');
insert into Forum (Section, Genre, Topic) values ('Actor Discussions', 'Thriller', 'Movie-related controversies');
insert into Forum (Section, Genre, Topic) values ('Actor Discussions', 'Documentary', 'Character analysis');
insert into Forum (Section, Genre, Topic) values ('Fan Theories', 'Drama', 'Movie franchise discussions');
insert into Forum (Section, Genre, Topic) values ('Actor Discussions', 'Romance', 'Movie-related memes');
insert into Forum (Section, Genre, Topic) values ('Recommendations', 'Drama', 'Movie merchandise');
insert into Forum (Section, Genre, Topic) values ('Movie Reviews', 'Sci-Fi', 'Movie merchandise');
insert into Forum (Section, Genre, Topic) values ('Upcoming Releases', 'Mystery', 'Soundtrack discussions');
insert into Forum (Section, Genre, Topic) values ('Polls', 'Thriller', 'Spoiler discussions');
insert into Forum (Section, Genre, Topic) values ('Behind the Scenes', 'Drama', 'Soundtrack discussions');
insert into Forum (Section, Genre, Topic) values ('Fan Theories', 'Fantasy', 'Movie fan theories');
insert into Forum (Section, Genre, Topic) values ('Actor Discussions', 'Documentary', 'Box office predictions');
insert into Forum (Section, Genre, Topic) values ('Actor Discussions', 'Mystery', 'Genre debates');
insert into Forum (Section, Genre, Topic) values ('Upcoming Releases', 'Comedy', 'Genre debates');
insert into Forum (Section, Genre, Topic) values ('Recommendations', 'Romance', 'Movie merchandise');
insert into Forum (Section, Genre, Topic) values ('Polls', 'Horror', 'Spoiler discussions');
insert into Forum (Section, Genre, Topic) values ('Behind the Scenes', 'Drama', 'Movie-related memes');
insert into Forum (Section, Genre, Topic) values ('Upcoming Releases', 'Drama', 'Remake discussions');
insert into Forum (Section, Genre, Topic) values ('Behind the Scenes', 'Horror', 'Box office predictions');
insert into Forum (Section, Genre, Topic) values ('Actor Discussions', 'Drama', 'Soundtrack discussions');
insert into Forum (Section, Genre, Topic) values ('Trivia', 'Sci-Fi', 'Movie fan theories');
insert into Forum (Section, Genre, Topic) values ('Behind the Scenes', 'Horror', 'Box office predictions');
insert into Forum (Section, Genre, Topic) values ('Recommendations', 'Sci-Fi', 'Movie franchise discussions');
insert into Forum (Section, Genre, Topic) values ('Polls', 'Mystery', 'Spoiler discussions');
insert into Forum (Section, Genre, Topic) values ('Upcoming Releases', 'Drama', 'Genre debates');
insert into Forum (Section, Genre, Topic) values ('Recommendations', 'Comedy', 'Movie franchise discussions');
insert into Forum (Section, Genre, Topic) values ('Fan Theories', 'Action', 'Upcoming releases');
insert into Forum (Section, Genre, Topic) values ('Upcoming Releases', 'Action', 'Box office predictions');
insert into Forum (Section, Genre, Topic) values ('Behind the Scenes', 'Comedy', 'Remake discussions');
insert into Forum (Section, Genre, Topic) values ('Fan Theories', 'Mystery', 'Behind-the-scenes insights');
insert into Forum (Section, Genre, Topic) values ('Soundtrack Discussions', 'Horror', 'Remake discussions');
insert into Forum (Section, Genre, Topic) values ('Fan Theories', 'Drama', 'Behind-the-scenes insights');
insert into Forum (Section, Genre, Topic) values ('Trivia', 'Horror', 'Movie trivia');
insert into Forum (Section, Genre, Topic) values ('Trivia', 'Fantasy', 'Behind-the-scenes insights');
insert into Forum (Section, Genre, Topic) values ('Actor Discussions', 'Documentary', 'Soundtrack discussions');
insert into Forum (Section, Genre, Topic) values ('Behind the Scenes', 'Drama', 'Character analysis');
insert into Forum (Section, Genre, Topic) values ('Movie Reviews', 'Sci-Fi', 'Movie news updates');
insert into Forum (Section, Genre, Topic) values ('Fan Theories', 'Romance', 'Movie-related memes');
insert into Forum (Section, Genre, Topic) values ('Upcoming Releases', 'Romance', 'Genre debates');
insert into Forum (Section, Genre, Topic) values ('Fan Theories', 'Mystery', 'Movie recommendations');
insert into Forum (Section, Genre, Topic) values ('Fan Theories', 'Horror', 'Soundtrack discussions');
insert into Forum (Section, Genre, Topic) values ('General Discussion', 'Romance', 'Behind-the-scenes insights');
insert into Forum (Section, Genre, Topic) values ('Upcoming Releases', 'Action', 'Actor/actress performances');
insert into Forum (Section, Genre, Topic) values ('Movie Reviews', 'Comedy', 'Movie franchise discussions');
insert into Forum (Section, Genre, Topic) values ('Actor Discussions', 'Drama', 'Movie reviews');
insert into Forum (Section, Genre, Topic) values ('General Discussion', 'Sci-Fi', 'Genre debates');
insert into Forum (Section, Genre, Topic) values ('Behind the Scenes', 'Documentary', 'Film industry trends');
insert into Forum (Section, Genre, Topic) values ('Movie Reviews', 'Fantasy', 'Soundtrack discussions');
insert into Forum (Section, Genre, Topic) values ('Upcoming Releases', 'Documentary', 'Movie reviews');
insert into Forum (Section, Genre, Topic) values ('Polls', 'Romance', 'Award predictions');
insert into Forum (Section, Genre, Topic) values ('Actor Discussions', 'Drama', 'Favorite movie quotes');
insert into Forum (Section, Genre, Topic) values ('Soundtrack Discussions', 'Mystery', 'Character analysis');
insert into Forum (Section, Genre, Topic) values ('Behind the Scenes', 'Documentary', 'Character analysis');
insert into Forum (Section, Genre, Topic) values ('Movie Reviews', 'Horror', 'Movie trivia');
insert into Forum (Section, Genre, Topic) values ('Polls', 'Fantasy', 'Soundtrack discussions');
insert into Forum (Section, Genre, Topic) values ('Actor Discussions', 'Sci-Fi', 'Spoiler discussions');
insert into Forum (Section, Genre, Topic) values ('Polls', 'Drama', 'Movie fan theories');
insert into Forum (Section, Genre, Topic) values ('Fan Theories', 'Thriller', 'Movie merchandise');
insert into Forum (Section, Genre, Topic) values ('Movie Reviews', 'Fantasy', 'Plot theories');
insert into Forum (Section, Genre, Topic) values ('Fan Theories', 'Action', 'Genre debates');
insert into Forum (Section, Genre, Topic) values ('General Discussion', 'Sci-Fi', 'Movie reviews');
insert into Forum (Section, Genre, Topic) values ('Movie Reviews', 'Horror', 'Remake discussions');
insert into Forum (Section, Genre, Topic) values ('Behind the Scenes', 'Romance', 'Behind-the-scenes insights');
insert into Forum (Section, Genre, Topic) values ('General Discussion', 'Romance', 'Movie franchise discussions');
insert into Forum (Section, Genre, Topic) values ('Fan Theories', 'Fantasy', 'Movie news updates');
insert into Forum (Section, Genre, Topic) values ('Polls', 'Mystery', 'Favorite movie quotes');
insert into Forum (Section, Genre, Topic) values ('Actor Discussions', 'Action', 'Movie reviews');
insert into Forum (Section, Genre, Topic) values ('Polls', 'Romance', 'Film industry trends');
insert into Forum (Section, Genre, Topic) values ('Polls', 'Romance', 'Box office predictions');
insert into Forum (Section, Genre, Topic) values ('Behind the Scenes', 'Romance', 'Plot theories');
insert into Forum (Section, Genre, Topic) values ('Recommendations', 'Action', 'Movie news updates');
insert into Forum (Section, Genre, Topic) values ('Soundtrack Discussions', 'Comedy', 'Award predictions');
insert into Forum (Section, Genre, Topic) values ('Soundtrack Discussions', 'Sci-Fi', 'Genre debates');
insert into Forum (Section, Genre, Topic) values ('Upcoming Releases', 'Thriller', 'Remake discussions');
insert into Forum (Section, Genre, Topic) values ('Recommendations', 'Comedy', 'Plot theories');
insert into Forum (Section, Genre, Topic) values ('Soundtrack Discussions', 'Mystery', 'Award predictions');
insert into Forum (Section, Genre, Topic) values ('Upcoming Releases', 'Horror', 'Actor/actress performances');
insert into Forum (Section, Genre, Topic) values ('Behind the Scenes', 'Documentary', 'Behind-the-scenes insights');
insert into Forum (Section, Genre, Topic) values ('Recommendations', 'Drama', 'Character analysis');
insert into Forum (Section, Genre, Topic) values ('Movie Reviews', 'Action', 'Movie news updates');
insert into Forum (Section, Genre, Topic) values ('Trivia', 'Mystery', 'Movie fan theories');
insert into Forum (Section, Genre, Topic) values ('Polls', 'Comedy', 'Soundtrack discussions');
insert into Forum (Section, Genre, Topic) values ('General Discussion', 'Comedy', 'Movie merchandise');
insert into Forum (Section, Genre, Topic) values ('Soundtrack Discussions', 'Comedy', 'Behind-the-scenes insights');
insert into Forum (Section, Genre, Topic) values ('Soundtrack Discussions', 'Mystery', 'Movie reviews');
insert into Forum (Section, Genre, Topic) values ('Soundtrack Discussions', 'Drama', 'Character analysis');
insert into Forum (Section, Genre, Topic) values ('Behind the Scenes', 'Documentary', 'Spoiler discussions');
insert into Forum (Section, Genre, Topic) values ('Movie Reviews', 'Action', 'Movie trivia');
insert into Forum (Section, Genre, Topic) values ('Recommendations', 'Horror', 'Favorite movie quotes');
insert into Forum (Section, Genre, Topic) values ('Movie Reviews', 'Fantasy', 'Movie franchise discussions');
insert into Forum (Section, Genre, Topic) values ('Upcoming Releases', 'Action', 'Movie merchandise');
insert into Forum (Section, Genre, Topic) values ('Soundtrack Discussions', 'Romance', 'Movie franchise discussions');
insert into Forum (Section, Genre, Topic) values ('Upcoming Releases', 'Romance', 'Movie franchise discussions');
insert into Forum (Section, Genre, Topic) values ('Fan Theories', 'Fantasy', 'Box office predictions');
insert into Forum (Section, Genre, Topic) values ('Polls', 'Sci-Fi', 'Behind-the-scenes insights');
insert into Forum (Section, Genre, Topic) values ('Movie Reviews', 'Comedy', 'Movie-related controversies');
insert into Forum (Section, Genre, Topic) values ('Upcoming Releases', 'Romance', 'Genre debates');
insert into Forum (Section, Genre, Topic) values ('Soundtrack Discussions', 'Sci-Fi', 'Box office predictions');
insert into Forum (Section, Genre, Topic) values ('Recommendations', 'Documentary', 'Film industry trends');
insert into Forum (Section, Genre, Topic) values ('Actor Discussions', 'Action', 'Genre debates');
insert into Forum (Section, Genre, Topic) values ('Actor Discussions', 'Horror', 'Remake discussions');
insert into Forum (Section, Genre, Topic) values ('Soundtrack Discussions', 'Action', 'Genre debates');
insert into Forum (Section, Genre, Topic) values ('Polls', 'Action', 'Behind-the-scenes insights');
insert into Forum (Section, Genre, Topic) values ('Recommendations', 'Action', 'Film industry trends');
insert into Forum (Section, Genre, Topic) values ('Trivia', 'Action', 'Movie reviews');
insert into Forum (Section, Genre, Topic) values ('Actor Discussions', 'Drama', 'Movie-related memes');
insert into Forum (Section, Genre, Topic) values ('General Discussion', 'Drama', 'Movie reviews');
insert into Forum (Section, Genre, Topic) values ('Actor Discussions', 'Documentary', 'Movie franchise discussions');
insert into Forum (Section, Genre, Topic) values ('Polls', 'Thriller', 'Spoiler discussions');
insert into Forum (Section, Genre, Topic) values ('Polls', 'Drama', 'Remake discussions');
insert into Forum (Section, Genre, Topic) values ('Trivia', 'Thriller', 'Movie trivia');
insert into Forum (Section, Genre, Topic) values ('Actor Discussions', 'Thriller', 'Movie-related memes');
insert into Forum (Section, Genre, Topic) values ('Behind the Scenes', 'Thriller', 'Character analysis');
insert into Forum (Section, Genre, Topic) values ('Trivia', 'Fantasy', 'Character analysis');
insert into Forum (Section, Genre, Topic) values ('Behind the Scenes', 'Romance', 'Soundtrack discussions');
insert into Forum (Section, Genre, Topic) values ('Upcoming Releases', 'Comedy', 'Remake discussions');
insert into Forum (Section, Genre, Topic) values ('Behind the Scenes', 'Thriller', 'Soundtrack discussions');
insert into Forum (Section, Genre, Topic) values ('Movie Reviews', 'Comedy', 'Box office predictions');
insert into Forum (Section, Genre, Topic) values ('Fan Theories', 'Thriller', 'Movie reviews');
insert into Forum (Section, Genre, Topic) values ('Fan Theories', 'Action', 'Soundtrack discussions');
insert into Forum (Section, Genre, Topic) values ('Fan Theories', 'Drama', 'Genre debates');
insert into Forum (Section, Genre, Topic) values ('Movie Reviews', 'Mystery', 'Box office predictions');
insert into Forum (Section, Genre, Topic) values ('Fan Theories', 'Thriller', 'Movie-related memes');
insert into Forum (Section, Genre, Topic) values ('Recommendations', 'Mystery', 'Movie recommendations');
insert into Forum (Section, Genre, Topic) values ('Upcoming Releases', 'Thriller', 'Plot theories');
insert into Forum (Section, Genre, Topic) values ('Soundtrack Discussions', 'Comedy', 'Soundtrack discussions');
insert into Forum (Section, Genre, Topic) values ('General Discussion', 'Romance', 'Favorite movie quotes');
insert into Forum (Section, Genre, Topic) values ('Upcoming Releases', 'Fantasy', 'Movie fan theories');
insert into Forum (Section, Genre, Topic) values ('Movie Reviews', 'Thriller', 'Movie merchandise');
insert into Forum (Section, Genre, Topic) values ('Soundtrack Discussions', 'Thriller', 'Movie fan theories');
insert into Forum (Section, Genre, Topic) values ('General Discussion', 'Comedy', 'Award predictions');
insert into Forum (Section, Genre, Topic) values ('Actor Discussions', 'Comedy', 'Soundtrack discussions');
insert into Forum (Section, Genre, Topic) values ('Behind the Scenes', 'Drama', 'Upcoming releases');
insert into Forum (Section, Genre, Topic) values ('Soundtrack Discussions', 'Documentary', 'Genre debates');
insert into Forum (Section, Genre, Topic) values ('Trivia', 'Thriller', 'Movie merchandise');
insert into Forum (Section, Genre, Topic) values ('Polls', 'Comedy', 'Film industry trends');
insert into Forum (Section, Genre, Topic) values ('Movie Reviews', 'Romance', 'Movie news updates');
insert into Forum (Section, Genre, Topic) values ('Polls', 'Thriller', 'Soundtrack discussions');
insert into Forum (Section, Genre, Topic) values ('Polls', 'Drama', 'Film industry trends');
insert into Forum (Section, Genre, Topic) values ('Behind the Scenes', 'Documentary', 'Movie franchise discussions');
insert into Forum (Section, Genre, Topic) values ('Polls', 'Fantasy', 'Box office predictions');
insert into Forum (Section, Genre, Topic) values ('Movie Reviews', 'Sci-Fi', 'Behind-the-scenes insights');
insert into Forum (Section, Genre, Topic) values ('Movie Reviews', 'Drama', 'Spoiler discussions');
insert into Forum (Section, Genre, Topic) values ('Polls', 'Thriller', 'Movie recommendations');
insert into Forum (Section, Genre, Topic) values ('Movie Reviews', 'Mystery', 'Movie news updates');
insert into Forum (Section, Genre, Topic) values ('Recommendations', 'Documentary', 'Favorite movie quotes');
insert into Forum (Section, Genre, Topic) values ('Movie Reviews', 'Drama', 'Spoiler discussions');
insert into Forum (Section, Genre, Topic) values ('Trivia', 'Mystery', 'Movie news updates');
insert into Forum (Section, Genre, Topic) values ('Soundtrack Discussions', 'Fantasy', 'Spoiler discussions');
insert into Forum (Section, Genre, Topic) values ('General Discussion', 'Horror', 'Movie-related controversies');
insert into Forum (Section, Genre, Topic) values ('General Discussion', 'Thriller', 'Film industry trends');
insert into Forum (Section, Genre, Topic) values ('Polls', 'Sci-Fi', 'Movie franchise discussions');
insert into Forum (Section, Genre, Topic) values ('Recommendations', 'Romance', 'Plot theories');
insert into Forum (Section, Genre, Topic) values ('General Discussion', 'Comedy', 'Favorite movie quotes');
insert into Forum (Section, Genre, Topic) values ('Recommendations', 'Sci-Fi', 'Movie franchise discussions');
insert into Forum (Section, Genre, Topic) values ('Actor Discussions', 'Mystery', 'Box office predictions');
insert into Forum (Section, Genre, Topic) values ('Fan Theories', 'Drama', 'Movie recommendations');
insert into Forum (Section, Genre, Topic) values ('Actor Discussions', 'Mystery', 'Box office predictions');
insert into Forum (Section, Genre, Topic) values ('Actor Discussions', 'Comedy', 'Movie franchise discussions');
insert into Forum (Section, Genre, Topic) values ('Soundtrack Discussions', 'Drama', 'Genre debates');
insert into Forum (Section, Genre, Topic) values ('Trivia', 'Drama', 'Movie reviews');
insert into Forum (Section, Genre, Topic) values ('General Discussion', 'Sci-Fi', 'Movie-related memes');
insert into Forum (Section, Genre, Topic) values ('Movie Reviews', 'Documentary', 'Remake discussions');
insert into Forum (Section, Genre, Topic) values ('General Discussion', 'Sci-Fi', 'Remake discussions');
insert into Forum (Section, Genre, Topic) values ('Trivia', 'Sci-Fi', 'Soundtrack discussions');
insert into Forum (Section, Genre, Topic) values ('Behind the Scenes', 'Mystery', 'Behind-the-scenes insights');
insert into Forum (Section, Genre, Topic) values ('Fan Theories', 'Horror', 'Genre debates');
insert into Forum (Section, Genre, Topic) values ('Trivia', 'Sci-Fi', 'Movie fan theories');
insert into Forum (Section, Genre, Topic) values ('Behind the Scenes', 'Action', 'Movie fan theories');
insert into Forum (Section, Genre, Topic) values ('Actor Discussions', 'Action', 'Plot theories');
insert into Forum (Section, Genre, Topic) values ('Fan Theories', 'Sci-Fi', 'Movie-related memes');
insert into Forum (Section, Genre, Topic) values ('Soundtrack Discussions', 'Horror', 'Behind-the-scenes insights');
insert into Forum (Section, Genre, Topic) values ('Movie Reviews', 'Documentary', 'Movie news updates');

-- Format
insert into Format (FormatID, AudioType, Language) values (1, 'DTS', 'Japanese');
insert into Format (FormatID, AudioType, Language) values (2, 'DTS', 'English');
insert into Format (FormatID, AudioType, Language) values (3, 'Sensurround', 'Japanese');
insert into Format (FormatID, AudioType, Language) values (4, 'Atmos', 'Mandarin');
insert into Format (FormatID, AudioType, Language) values (5, 'IMAX', 'English');
insert into Format (FormatID, AudioType, Language) values (6, 'Barco Auro 11.1', 'German');
insert into Format (FormatID, AudioType, Language) values (7, 'Surround Sound', 'Japanese');
insert into Format (FormatID, AudioType, Language) values (8, 'Dolby Digital', 'Russian');
insert into Format (FormatID, AudioType, Language) values (9, 'Surround Sound', 'Spanish');
insert into Format (FormatID, AudioType, Language) values (10, 'Atmos', 'Italian');
insert into Format (FormatID, AudioType, Language) values (11, 'Barco Auro 11.1', 'Russian');
insert into Format (FormatID, AudioType, Language) values (12, 'DTS', 'Portuguese');
insert into Format (FormatID, AudioType, Language) values (13, 'Surround Sound', 'Korean');
insert into Format (FormatID, AudioType, Language) values (14, 'THX', 'French');
insert into Format (FormatID, AudioType, Language) values (15, 'Surround Sound', 'Italian');
insert into Format (FormatID, AudioType, Language) values (16, '3D Audio', 'Italian');
insert into Format (FormatID, AudioType, Language) values (17, 'IMAX', 'English');
insert into Format (FormatID, AudioType, Language) values (18, 'Barco Auro 11.1', 'Italian');
insert into Format (FormatID, AudioType, Language) values (19, 'Atmos', 'Italian');
insert into Format (FormatID, AudioType, Language) values (20, 'Sensurround', 'Korean');
insert into Format (FormatID, AudioType, Language) values (21, 'Sensurround', 'Italian');
insert into Format (FormatID, AudioType, Language) values (22, 'Sensurround', 'Spanish');
insert into Format (FormatID, AudioType, Language) values (23, 'Barco Auro 11.1', 'French');
insert into Format (FormatID, AudioType, Language) values (24, '3D Audio', 'German');
insert into Format (FormatID, AudioType, Language) values (25, 'IMAX', 'Italian');
insert into Format (FormatID, AudioType, Language) values (26, '3D Audio', 'French');
insert into Format (FormatID, AudioType, Language) values (27, 'Barco Auro 11.1', 'Mandarin');
insert into Format (FormatID, AudioType, Language) values (28, 'IMAX', 'French');
insert into Format (FormatID, AudioType, Language) values (29, 'Barco Auro 11.1', 'Italian');
insert into Format (FormatID, AudioType, Language) values (30, 'THX', 'Mandarin');
insert into Format (FormatID, AudioType, Language) values (31, 'Dolby Digital', 'Korean');
insert into Format (FormatID, AudioType, Language) values (32, 'IMAX', 'French');
insert into Format (FormatID, AudioType, Language) values (33, 'THX', 'French');
insert into Format (FormatID, AudioType, Language) values (34, 'Dolby Digital', 'Japanese');
insert into Format (FormatID, AudioType, Language) values (35, 'IMAX', 'Italian');
insert into Format (FormatID, AudioType, Language) values (36, 'IMAX', 'Italian');
insert into Format (FormatID, AudioType, Language) values (37, '3D Audio', 'Spanish');
insert into Format (FormatID, AudioType, Language) values (38, 'Ultra Stereo', 'Portuguese');
insert into Format (FormatID, AudioType, Language) values (39, 'Barco Auro 11.1', 'German');
insert into Format (FormatID, AudioType, Language) values (40, 'Ultra Stereo', 'French');
insert into Format (FormatID, AudioType, Language) values (41, 'Surround Sound', 'Mandarin');
insert into Format (FormatID, AudioType, Language) values (42, 'Barco Auro 11.1', 'Japanese');
insert into Format (FormatID, AudioType, Language) values (43, 'Ultra Stereo', 'Spanish');
insert into Format (FormatID, AudioType, Language) values (44, 'Atmos', 'Korean');
insert into Format (FormatID, AudioType, Language) values (45, 'DTS', 'Mandarin');
insert into Format (FormatID, AudioType, Language) values (46, 'Surround Sound', 'Mandarin');
insert into Format (FormatID, AudioType, Language) values (47, 'DTS', 'French');
insert into Format (FormatID, AudioType, Language) values (48, 'Barco Auro 11.1', 'English');
insert into Format (FormatID, AudioType, Language) values (49, 'Surround Sound', 'Spanish');
insert into Format (FormatID, AudioType, Language) values (50, 'Surround Sound', 'German');

-- Event
insert into Event (EventID, Type, Date, Description, CinemaID) values (1, 'Movie premiere', '11/11/2023', 'Movie-themed Murder Mystery Dinner', '37');
insert into Event (EventID, Type, Date, Description, CinemaID) values (2, 'Drive-in movie event', '9/29/2023', 'Sci-Fi Movie Marathon', '3');
insert into Event (EventID, Type, Date, Description, CinemaID) values (3, 'Movie-themed costume party', '8/20/2023', 'Fantasy Movie Scavenger Hunt', '12');
insert into Event (EventID, Type, Date, Description, CinemaID) values (4, 'Movie marathon', '6/3/2023', 'Action Movie Trivia Challenge', '14');
insert into Event (EventID, Type, Date, Description, CinemaID) values (5, 'Movie premiere', '5/11/2023', 'Romantic Comedy Movie Night', '47');
insert into Event (EventID, Type, Date, Description, CinemaID) values (6, 'Film festival screening', '10/20/2023', 'Sci-Fi Movie Marathon', '49');
insert into Event (EventID, Type, Date, Description, CinemaID) values (7, 'Movie-themed escape room', '4/15/2024', 'Superhero Costume Party', '34');
insert into Event (EventID, Type, Date, Description, CinemaID) values (8, 'Movie-themed costume party', '1/25/2024', 'Horror Movie Escape Room', '27');
insert into Event (EventID, Type, Date, Description, CinemaID) values (9, 'Movie marathon', '12/10/2023', 'Action Movie Trivia Challenge', '7');
insert into Event (EventID, Type, Date, Description, CinemaID) values (10, 'Movie-themed escape room', '8/9/2023', 'Classic Movie Double Feature', '20');
insert into Event (EventID, Type, Date, Description, CinemaID) values (11, 'Movie premiere', '1/30/2024', 'Hollywood Glamour Gala', '6');
insert into Event (EventID, Type, Date, Description, CinemaID) values (12, 'Movie-themed escape room', '10/30/2023', 'Movie-themed Murder Mystery Dinner', '50');
insert into Event (EventID, Type, Date, Description, CinemaID) values (13, 'Movie trivia night', '6/9/2023', 'Hollywood Glamour Gala', '17');
insert into Event (EventID, Type, Date, Description, CinemaID) values (14, 'Film festival screening', '4/6/2024', 'Sci-Fi Movie Marathon', '40');
insert into Event (EventID, Type, Date, Description, CinemaID) values (15, 'Film festival screening', '12/12/2023', 'Superhero Costume Party', '19');
insert into Event (EventID, Type, Date, Description, CinemaID) values (16, 'Outdoor movie night', '4/4/2024', 'Movie-themed Murder Mystery Dinner', '39');
insert into Event (EventID, Type, Date, Description, CinemaID) values (17, 'Drive-in movie event', '2/1/2024', 'Classic Movie Double Feature', '33');
insert into Event (EventID, Type, Date, Description, CinemaID) values (18, 'Movie-themed escape room', '1/17/2024', 'Horror Movie Escape Room', '41');
insert into Event (EventID, Type, Date, Description, CinemaID) values (19, 'Movie marathon', '1/11/2024', 'Hollywood Glamour Gala', '4');
insert into Event (EventID, Type, Date, Description, CinemaID) values (20, 'Movie-themed escape room', '12/13/2023', 'Classic Movie Double Feature', '32');
insert into Event (EventID, Type, Date, Description, CinemaID) values (21, 'Movie-themed cooking class', '5/6/2023', 'Horror Movie Escape Room', '28');
insert into Event (EventID, Type, Date, Description, CinemaID) values (22, 'Movie marathon', '9/3/2023', 'Animated Movie Sing-Along', '9');
insert into Event (EventID, Type, Date, Description, CinemaID) values (23, 'Movie-themed escape room', '7/20/2023', 'Sci-Fi Movie Marathon', '45');
insert into Event (EventID, Type, Date, Description, CinemaID) values (24, 'Movie-themed cooking class', '7/28/2023', 'Fantasy Movie Scavenger Hunt', '21');
insert into Event (EventID, Type, Date, Description, CinemaID) values (25, 'Movie-themed costume party', '6/13/2023', 'Romantic Comedy Movie Night', '38');
insert into Event (EventID, Type, Date, Description, CinemaID) values (26, 'Outdoor movie night', '12/29/2023', 'Fantasy Movie Scavenger Hunt', '11');
insert into Event (EventID, Type, Date, Description, CinemaID) values (27, 'Outdoor movie night', '7/26/2023', 'Sci-Fi Movie Marathon', '31');
insert into Event (EventID, Type, Date, Description, CinemaID) values (28, 'Outdoor movie night', '3/5/2024', 'Horror Movie Escape Room', '8');
insert into Event (EventID, Type, Date, Description, CinemaID) values (29, 'Movie-themed costume party', '8/11/2023', 'Romantic Comedy Movie Night', '22');
insert into Event (EventID, Type, Date, Description, CinemaID) values (30, 'Movie-themed escape room', '6/3/2023', 'Animated Movie Sing-Along', '16');
insert into Event (EventID, Type, Date, Description, CinemaID) values (31, 'Film festival screening', '8/16/2023', 'Classic Movie Double Feature', '18');
insert into Event (EventID, Type, Date, Description, CinemaID) values (32, 'Movie-themed escape room', '7/5/2023', 'Animated Movie Sing-Along', '30');
insert into Event (EventID, Type, Date, Description, CinemaID) values (33, 'Movie-themed escape room', '8/23/2023', 'Fantasy Movie Scavenger Hunt', '10');
insert into Event (EventID, Type, Date, Description, CinemaID) values (34, 'Film festival screening', '11/18/2023', 'Classic Movie Double Feature', '24');
insert into Event (EventID, Type, Date, Description, CinemaID) values (35, 'Outdoor movie night', '1/1/2024', 'Superhero Costume Party', '29');
insert into Event (EventID, Type, Date, Description, CinemaID) values (36, 'Drive-in movie event', '6/8/2023', 'Classic Movie Double Feature', '5');
insert into Event (EventID, Type, Date, Description, CinemaID) values (37, 'Outdoor movie night', '5/24/2023', 'Horror Movie Escape Room', '35');
insert into Event (EventID, Type, Date, Description, CinemaID) values (38, 'Film festival screening', '12/28/2023', 'Romantic Comedy Movie Night', '43');
insert into Event (EventID, Type, Date, Description, CinemaID) values (39, 'Movie-themed escape room', '8/22/2023', 'Hollywood Glamour Gala', '2');
insert into Event (EventID, Type, Date, Description, CinemaID) values (40, 'Film festival screening', '5/18/2023', 'Action Movie Trivia Challenge', '48');
insert into Event (EventID, Type, Date, Description, CinemaID) values (41, 'Film festival screening', '11/3/2023', 'Romantic Comedy Movie Night', '44');
insert into Event (EventID, Type, Date, Description, CinemaID) values (42, 'Movie marathon', '8/17/2023', 'Romantic Comedy Movie Night', '42');
insert into Event (EventID, Type, Date, Description, CinemaID) values (43, 'Movie-themed costume party', '8/12/2023', 'Animated Movie Sing-Along', '26');
insert into Event (EventID, Type, Date, Description, CinemaID) values (44, 'Movie-themed costume party', '9/11/2023', 'Romantic Comedy Movie Night', '23');
insert into Event (EventID, Type, Date, Description, CinemaID) values (45, 'Movie-themed escape room', '4/22/2023', 'Romantic Comedy Movie Night', '25');
insert into Event (EventID, Type, Date, Description, CinemaID) values (46, 'Film festival screening', '2/27/2024', 'Romantic Comedy Movie Night', '15');
insert into Event (EventID, Type, Date, Description, CinemaID) values (47, 'Outdoor movie night', '8/15/2023', 'Horror Movie Escape Room', '36');
insert into Event (EventID, Type, Date, Description, CinemaID) values (48, 'Movie-themed cooking class', '1/5/2024', 'Action Movie Trivia Challenge', '1');
insert into Event (EventID, Type, Date, Description, CinemaID) values (49, 'Movie premiere', '12/29/2023', 'Movie-themed Murder Mystery Dinner', '46');
insert into Event (EventID, Type, Date, Description, CinemaID) values (50, 'Movie-themed costume party', '9/4/2023', 'Classic Movie Double Feature', '13');

-- Cinema
insert into Cinema (CinemaID, Location, Amenities, Facilities) values (1, '10 Coolidge Parkway', 'Reserved seating', 'Coat check');
insert into Cinema (CinemaID, Location, Amenities, Facilities) values (2, '140 Ridge Oak Road', 'Concessions', 'Coat check');
insert into Cinema (CinemaID, Location, Amenities, Facilities) values (3, '25 Meadow Valley Point', 'Parent screenings', 'Ticket kiosks');
insert into Cinema (CinemaID, Location, Amenities, Facilities) values (4, '57 Messerschmidt Terrace', 'Premium seating', 'Security checkpoints');
insert into Cinema (CinemaID, Location, Amenities, Facilities) values (5, '2 International Center', 'Cinema bars', 'Box office');
insert into Cinema (CinemaID, Location, Amenities, Facilities) values (6, '72866 Mallory Drive', 'IMAX screens', 'Exit doors');
insert into Cinema (CinemaID, Location, Amenities, Facilities) values (7, '8439 Rigney Parkway', 'Outdoor seating areas', 'Coat check');
insert into Cinema (CinemaID, Location, Amenities, Facilities) values (8, '802 Graedel Hill', 'Reclining seats', 'Information desks');
insert into Cinema (CinemaID, Location, Amenities, Facilities) values (9, '85 Arizona Center', 'Reserved seating', 'Exit doors');
insert into Cinema (CinemaID, Location, Amenities, Facilities) values (10, '3386 Schlimgen Way', 'Movie displays', 'Ticket counters');
insert into Cinema (CinemaID, Location, Amenities, Facilities) values (11, '5509 Eastlawn Place', 'Themed decorations', 'Cleaning stations');
insert into Cinema (CinemaID, Location, Amenities, Facilities) values (12, '17 Sauthoff Hill', 'Member loyalty programs', 'Restrooms');
insert into Cinema (CinemaID, Location, Amenities, Facilities) values (13, '04 Kipling Plaza', 'IMAX screens', 'Coat check');
insert into Cinema (CinemaID, Location, Amenities, Facilities) values (14, '5 Grayhawk Terrace', 'VIP seating', 'Restrooms');
insert into Cinema (CinemaID, Location, Amenities, Facilities) values (15, '9 Nevada Trail', 'Interactive experiences', 'Ticket kiosks');
insert into Cinema (CinemaID, Location, Amenities, Facilities) values (16, '144 North Terrace', 'Special events', 'Waiting areas');
insert into Cinema (CinemaID, Location, Amenities, Facilities) values (17, '9611 Annamark Court', 'Marathon screenings', 'Exit doors');
insert into Cinema (CinemaID, Location, Amenities, Facilities) values (18, '4811 Blue Bill Park Terrace', 'Reclining seats', 'Coat check');
insert into Cinema (CinemaID, Location, Amenities, Facilities) values (19, '70785 Anzinger Avenue', '3D screens', 'Ticket counters');
insert into Cinema (CinemaID, Location, Amenities, Facilities) values (20, '73 Express Circle', 'Free refills on drinks', 'Lobby');
insert into Cinema (CinemaID, Location, Amenities, Facilities) values (21, '17 Ruskin Court', 'Baby screenings', 'Coat check');
insert into Cinema (CinemaID, Location, Amenities, Facilities) values (22, '83 Sloan Point', 'Reclining seats', 'Restrooms');
insert into Cinema (CinemaID, Location, Amenities, Facilities) values (23, '7 Buhler Trail', 'Cinema bars', 'Ticket kiosks');
insert into Cinema (CinemaID, Location, Amenities, Facilities) values (24, '15998 Texas Place', 'IMAX screens', 'Lost and found');
insert into Cinema (CinemaID, Location, Amenities, Facilities) values (25, '1 Springs Avenue', 'Member loyalty programs', 'Ticket kiosks');
insert into Cinema (CinemaID, Location, Amenities, Facilities) values (26, '25876 Sutherland Pass', 'Mobile ticketing', 'Lost and found');
insert into Cinema (CinemaID, Location, Amenities, Facilities) values (27, '862 Eastlawn Place', 'IMAX screens', 'Cleaning stations');
insert into Cinema (CinemaID, Location, Amenities, Facilities) values (28, '97 Calypso Road', 'Free refills on drinks', 'Box office');
insert into Cinema (CinemaID, Location, Amenities, Facilities) values (29, '4149 Sullivan Court', 'Clean facilities', 'Box office');
insert into Cinema (CinemaID, Location, Amenities, Facilities) values (30, '6 Farmco Crossing', 'Child-friendly amenities (e.g. booster seats)', 'Ticket kiosks');
insert into Cinema (CinemaID, Location, Amenities, Facilities) values (31, '038 Eggendart Terrace', 'Baby screenings', 'Coat check');
insert into Cinema (CinemaID, Location, Amenities, Facilities) values (32, '9 Rockefeller Trail', 'Mobile ticketing', 'Waiting areas');
insert into Cinema (CinemaID, Location, Amenities, Facilities) values (33, '195 Ronald Regan Hill', 'Member loyalty programs', 'Emergency exits');
insert into Cinema (CinemaID, Location, Amenities, Facilities) values (34, '508 Maple Street', 'Child-friendly amenities (e.g. booster seats)', 'Lost and found');
insert into Cinema (CinemaID, Location, Amenities, Facilities) values (35, '24 Emmet Avenue', 'Private screening rooms', 'Cleaning stations');
insert into Cinema (CinemaID, Location, Amenities, Facilities) values (36, '8751 Anderson Road', 'Interactive experiences', 'Security checkpoints');
insert into Cinema (CinemaID, Location, Amenities, Facilities) values (37, '9432 Redwing Alley', 'Baby screenings', 'Restrooms');
insert into Cinema (CinemaID, Location, Amenities, Facilities) values (38, '74270 Straubel Alley', 'Movie displays', 'Security checkpoints');
insert into Cinema (CinemaID, Location, Amenities, Facilities) values (39, '24 Ruskin Plaza', 'Child-friendly amenities (e.g. booster seats)', 'Waiting areas');
insert into Cinema (CinemaID, Location, Amenities, Facilities) values (40, '1 Ohio Trail', 'Outdoor seating areas', 'Waiting areas');
insert into Cinema (CinemaID, Location, Amenities, Facilities) values (41, '5 Towne Drive', 'Themed decorations', 'Information desks');
insert into Cinema (CinemaID, Location, Amenities, Facilities) values (42, '65 Eastlawn Hill', 'Digital projection', 'Coat check');
insert into Cinema (CinemaID, Location, Amenities, Facilities) values (43, '65 Northview Avenue', 'Premium seating', 'Emergency exits');
insert into Cinema (CinemaID, Location, Amenities, Facilities) values (44, '59582 North Way', 'IMAX screens', 'Information desks');
insert into Cinema (CinemaID, Location, Amenities, Facilities) values (45, '08 Banding Plaza', 'Free refills on popcorn', 'Emergency exits');
insert into Cinema (CinemaID, Location, Amenities, Facilities) values (46, '0596 Morrow Trail', 'Special events', 'Coat check');
insert into Cinema (CinemaID, Location, Amenities, Facilities) values (47, '56 Novick Hill', 'Baby screenings', 'Emergency exits');
insert into Cinema (CinemaID, Location, Amenities, Facilities) values (48, '86 Badeau Terrace', 'Movie trivia in the lobby', 'Security checkpoints');
insert into Cinema (CinemaID, Location, Amenities, Facilities) values (49, '17 Gateway Crossing', 'Games in the lobby', 'Restrooms');
insert into Cinema (CinemaID, Location, Amenities, Facilities) values (50, '07077 Village Road', 'Member loyalty programs', 'Exit doors');

-- Booking
insert into Booking (BookingID, Price, UserID, ShowingID, SeatID) values (1, 90.36, '28', '21', '60');
insert into Booking (BookingID, Price, UserID, ShowingID, SeatID) values (2, 5.1, '29', '40', '12');
insert into Booking (BookingID, Price, UserID, ShowingID, SeatID) values (3, 53.14, '2', '6', '24');
insert into Booking (BookingID, Price, UserID, ShowingID, SeatID) values (4, 99.42, '13', '69', '46');
insert into Booking (BookingID, Price, UserID, ShowingID, SeatID) values (5, 98.04, '27', '5', '1');
insert into Booking (BookingID, Price, UserID, ShowingID, SeatID) values (6, 78.9, '11', '47', '45');
insert into Booking (BookingID, Price, UserID, ShowingID, SeatID) values (7, 92.73, '16', '11', '3');
insert into Booking (BookingID, Price, UserID, ShowingID, SeatID) values (8, 17.0, '19', '43', '17');
insert into Booking (BookingID, Price, UserID, ShowingID, SeatID) values (9, 43.64, '10', '31', '69');
insert into Booking (BookingID, Price, UserID, ShowingID, SeatID) values (10, 82.41, '26', '13', '50');
insert into Booking (BookingID, Price, UserID, ShowingID, SeatID) values (11, 16.07, '3', '22', '62');
insert into Booking (BookingID, Price, UserID, ShowingID, SeatID) values (12, 46.78, '5', '19', '75');
insert into Booking (BookingID, Price, UserID, ShowingID, SeatID) values (13, 92.97, '42', '10', '8');
insert into Booking (BookingID, Price, UserID, ShowingID, SeatID) values (14, 38.63, '48', '4', '63');
insert into Booking (BookingID, Price, UserID, ShowingID, SeatID) values (15, 47.99, '38', '61', '41');
insert into Booking (BookingID, Price, UserID, ShowingID, SeatID) values (16, 89.39, '7', '55', '16');
insert into Booking (BookingID, Price, UserID, ShowingID, SeatID) values (17, 3.34, '34', '27', '65');
insert into Booking (BookingID, Price, UserID, ShowingID, SeatID) values (18, 35.84, '12', '33', '64');
insert into Booking (BookingID, Price, UserID, ShowingID, SeatID) values (19, 75.65, '24', '25', '11');
insert into Booking (BookingID, Price, UserID, ShowingID, SeatID) values (20, 72.69, '14', '29', '58');
insert into Booking (BookingID, Price, UserID, ShowingID, SeatID) values (21, 72.96, '47', '28', '44');
insert into Booking (BookingID, Price, UserID, ShowingID, SeatID) values (22, 55.71, '31', '51', '70');
insert into Booking (BookingID, Price, UserID, ShowingID, SeatID) values (23, 24.31, '33', '58', '56');
insert into Booking (BookingID, Price, UserID, ShowingID, SeatID) values (24, 1.16, '23', '23', '39');
insert into Booking (BookingID, Price, UserID, ShowingID, SeatID) values (25, 53.06, '8', '42', '9');
insert into Booking (BookingID, Price, UserID, ShowingID, SeatID) values (26, 79.22, '9', '1', '18');
insert into Booking (BookingID, Price, UserID, ShowingID, SeatID) values (27, 53.81, '6', '75', '7');
insert into Booking (BookingID, Price, UserID, ShowingID, SeatID) values (28, 51.08, '35', '3', '26');
insert into Booking (BookingID, Price, UserID, ShowingID, SeatID) values (29, 81.16, '25', '68', '6');
insert into Booking (BookingID, Price, UserID, ShowingID, SeatID) values (30, 95.5, '50', '34', '74');
insert into Booking (BookingID, Price, UserID, ShowingID, SeatID) values (31, 96.2, '4', '72', '55');
insert into Booking (BookingID, Price, UserID, ShowingID, SeatID) values (32, 88.9, '30', '18', '22');
insert into Booking (BookingID, Price, UserID, ShowingID, SeatID) values (33, 24.47, '22', '57', '38');
insert into Booking (BookingID, Price, UserID, ShowingID, SeatID) values (34, 98.76, '36', '53', '27');
insert into Booking (BookingID, Price, UserID, ShowingID, SeatID) values (35, 59.37, '44', '17', '42');
insert into Booking (BookingID, Price, UserID, ShowingID, SeatID) values (36, 89.38, '21', '64', '32');
insert into Booking (BookingID, Price, UserID, ShowingID, SeatID) values (37, 97.08, '15', '54', '72');
insert into Booking (BookingID, Price, UserID, ShowingID, SeatID) values (38, 34.66, '39', '62', '29');
insert into Booking (BookingID, Price, UserID, ShowingID, SeatID) values (39, 63.29, '37', '45', '35');
insert into Booking (BookingID, Price, UserID, ShowingID, SeatID) values (40, 79.25, '46', '59', '28');
insert into Booking (BookingID, Price, UserID, ShowingID, SeatID) values (41, 74.77, '20', '14', '67');
insert into Booking (BookingID, Price, UserID, ShowingID, SeatID) values (42, 50.71, '43', '8', '21');
insert into Booking (BookingID, Price, UserID, ShowingID, SeatID) values (43, 18.65, '32', '49', '51');
insert into Booking (BookingID, Price, UserID, ShowingID, SeatID) values (44, 30.76, '17', '37', '53');
insert into Booking (BookingID, Price, UserID, ShowingID, SeatID) values (45, 19.04, '49', '44', '66');
insert into Booking (BookingID, Price, UserID, ShowingID, SeatID) values (46, 9.2, '1', '35', '15');
insert into Booking (BookingID, Price, UserID, ShowingID, SeatID) values (47, 45.6, '18', '9', '10');
insert into Booking (BookingID, Price, UserID, ShowingID, SeatID) values (48, 36.13, '40', '32', '2');
insert into Booking (BookingID, Price, UserID, ShowingID, SeatID) values (49, 47.16, '45', '48', '57');
insert into Booking (BookingID, Price, UserID, ShowingID, SeatID) values (50, 66.53, '41', '38', '23');
insert into Booking (BookingID, Price, UserID, ShowingID, SeatID) values (51, 47.06, '30', '73', '54');
insert into Booking (BookingID, Price, UserID, ShowingID, SeatID) values (52, 14.44, '26', '56', '30');
insert into Booking (BookingID, Price, UserID, ShowingID, SeatID) values (53, 38.91, '19', '66', '47');
insert into Booking (BookingID, Price, UserID, ShowingID, SeatID) values (54, 44.61, '11', '71', '14');
insert into Booking (BookingID, Price, UserID, ShowingID, SeatID) values (55, 96.09, '35', '67', '61');
insert into Booking (BookingID, Price, UserID, ShowingID, SeatID) values (56, 67.46, '34', '50', '71');
insert into Booking (BookingID, Price, UserID, ShowingID, SeatID) values (57, 40.99, '40', '46', '25');
insert into Booking (BookingID, Price, UserID, ShowingID, SeatID) values (58, 20.26, '27', '30', '59');
insert into Booking (BookingID, Price, UserID, ShowingID, SeatID) values (59, 42.23, '29', '74', '40');
insert into Booking (BookingID, Price, UserID, ShowingID, SeatID) values (60, 3.48, '10', '7', '49');
insert into Booking (BookingID, Price, UserID, ShowingID, SeatID) values (61, 30.64, '21', '52', '43');
insert into Booking (BookingID, Price, UserID, ShowingID, SeatID) values (62, 40.63, '50', '24', '33');
insert into Booking (BookingID, Price, UserID, ShowingID, SeatID) values (63, 46.83, '14', '16', '19');
insert into Booking (BookingID, Price, UserID, ShowingID, SeatID) values (64, 51.15, '44', '65', '5');
insert into Booking (BookingID, Price, UserID, ShowingID, SeatID) values (65, 31.54, '12', '2', '37');
insert into Booking (BookingID, Price, UserID, ShowingID, SeatID) values (66, 98.16, '37', '70', '31');
insert into Booking (BookingID, Price, UserID, ShowingID, SeatID) values (67, 33.48, '8', '36', '36');
insert into Booking (BookingID, Price, UserID, ShowingID, SeatID) values (68, 76.99, '32', '63', '4');
insert into Booking (BookingID, Price, UserID, ShowingID, SeatID) values (69, 73.47, '5', '41', '48');
insert into Booking (BookingID, Price, UserID, ShowingID, SeatID) values (70, 76.11, '13', '15', '34');
insert into Booking (BookingID, Price, UserID, ShowingID, SeatID) values (71, 41.87, '3', '26', '20');
insert into Booking (BookingID, Price, UserID, ShowingID, SeatID) values (72, 38.32, '31', '20', '73');
insert into Booking (BookingID, Price, UserID, ShowingID, SeatID) values (73, 37.78, '17', '12', '13');
insert into Booking (BookingID, Price, UserID, ShowingID, SeatID) values (74, 36.72, '24', '39', '52');
insert into Booking (BookingID, Price, UserID, ShowingID, SeatID) values (75, 91.6, '42', '60', '68');
